customer_id,name,email,phone,address,account_type,credit_score,state,join_date
94710075-c7fd-4487-956d-e69a9b0f49a5,Diana Villegas,wgeorge@example.org,+1-942-722-3573x22523,"144 Michael Neck, North Michelle, AZ 58623",Business,637,NM,2021-10-04
76f517c7-5cae-44e6-b354-47535951024b,Richard Frazier,nancy89@example.org,472.888.2899x724,"79992 Katherine Estates, New Larry, AR 82756",Checking,720,MS,2024-10-23
0f925851-0e6b-47ea-ba10-2c0fe06474e0,Brian Brown,christinaolson@example.com,621-517-5622x2640,"38886 Kathy Vista, Lake Joshua, NJ 54892",Checking,694,RI,2023-05-17
b98939bb-3c4b-484f-bb9e-166000a62909,Warren Mills,mlee@example.org,988-363-0484x41205,"PSC 5976, Box 2197, APO AA 65929",Checking,632,FL,2024-02-25
0d6b7755-03b6-406a-8570-d5fc7cd24d6b,Brian Wood,mweaver@example.org,946.927.2049,"66364 Craig Bridge Apt. 292, Lake Bryan, DE 40269",Business,624,ME,2024-10-25
8790e44b-4709-4194-8566-33222ae58470,Matthew Neal,kendra50@example.com,001-969-661-5085x693,"874 Reilly Shore, Hudsonchester, IL 88870",Business,796,WI,2022-02-02
882987f2-62d3-43c9-9c53-72dc03b048e1,Stephanie Lewis,adalton@example.com,917.646.5466x89455,"3502 Baker Flat Suite 131, North Maryhaven, CA 25026",Checking,595,DE,2023-09-12
9b799df2-f8f7-4efe-b7a9-3ff4498340cf,Melissa Anthony,michael41@example.net,(259)305-8556,"019 Ray Drive, Brewerhaven, MO 85009",Checking,691,WI,2024-07-29
e0b56025-4928-423c-8952-be1c4007144a,Michael Bowman,awilliams@example.net,+1-585-830-2391,"868 Aaron Mills Apt. 434, Flemingshire, TN 49685",Checking,838,NM,2022-09-10
101fd48f-d378-4842-add6-6c59872aa1c2,Shawn Harvey,jerryyoung@example.org,914.672.3210x825,"17197 Mia Grove, Crystalside, SC 56346",Business,593,KS,2022-06-26
333b8a80-ef80-4dfb-9b8c-e7c70ac767f2,John Olsen,justin96@example.com,902.662.5639,"5305 Howell Roads, North Gregory, OH 06331",Business,681,ND,2022-10-13
c80d9468-9477-4b38-ba5d-7269a698ebef,Christina Joseph,robertsonann@example.org,+1-821-423-1309x7353,"01502 Mary Extensions, East Veronica, WY 71744",Business,794,ID,2021-08-09
514c62ff-3eaa-460c-b29e-62d0554bf8b5,Christine Castillo,abarber@example.com,732-391-9355x13540,"USNV Flores, FPO AE 13517",Checking,809,MA,2024-03-31
fe8f4eb5-ede9-44a7-abe0-df10c1c45289,Jessica Richardson,russellryan@example.org,(468)316-6899,"2611 Jennifer Plain Suite 921, Lake Melissaview, AS 70321",Business,722,OR,2023-12-22
a0c4e27e-4e14-4060-8bf8-05f243937f5a,Melody Brown,brownisabel@example.org,001-281-572-4081,"07649 Norman Run, Brownbury, NC 28348",Checking,661,AK,2023-06-06
972d48fe-b4c4-43ec-81a5-691fba98579a,Melissa Larson,lisahayes@example.org,714-410-0144x6747,"Unit 8141 Box 4475, DPO AA 03631",Business,796,NH,2024-04-19
98f6ddb3-dc07-446f-99af-6b79aa0a1b68,John Hernandez,markroberts@example.net,001-350-682-4440x63815,"PSC 1962, Box 1296, APO AP 09657",Savings,722,NM,2024-07-13
72160d52-043f-4114-a3c2-874445d6e909,Debbie Ross,sydneyolson@example.com,994-813-3899x040,"1316 Eric Groves, Fletcherton, NC 26472",Checking,690,NJ,2024-10-27
5706cb24-8419-424f-a558-c91b3e82783d,Jesus Davis,margaret80@example.net,777.559.2388,"Unit 9308 Box 5679, DPO AE 66348",Savings,632,FL,2021-09-10
033d7e2b-fd96-41ed-bed7-2a2e339dfcb9,Julie Clark,msmith@example.com,(698)399-9267x64950,"617 Rojas Crossroad Suite 084, Port Philipfort, VT 17919",Checking,774,RI,2021-11-13
4e84a01f-7ecd-4581-a72e-b64c86c20eaf,Angela Butler,elizabethrussell@example.net,726.668.8829x2552,"PSC 3043, Box 8225, APO AE 61431",Checking,763,VT,2023-09-27
d290e36b-8a5f-4129-ae4b-c91ae990d542,Erica Morris,sherriherrera@example.net,001-884-811-5976,"03103 Kurt Pass Apt. 740, Dylanport, NY 85982",Savings,715,PR,2022-02-18
10f3c57e-b874-4018-b29c-01313ecfc945,David Chavez,joshua81@example.org,719.837.7771x05248,"7053 Michael Locks Suite 929, Deanfurt, MD 75072",Checking,815,MN,2022-11-25
610543a9-2a97-476e-b5a8-cee14c5fc9fb,Diana Porter,courtney17@example.org,+1-564-798-2412x628,"12930 Johnson Expressway Apt. 831, Johnchester, MI 78817",Business,643,PW,2022-03-26
cde53995-6287-49ca-944b-2752b0defd5d,Jeffrey Lee,spencedwayne@example.org,853.519.6117,"54737 Johnson Roads Apt. 743, South Angelaborough, MO 10037",Savings,620,SD,2022-06-23
b2cdc616-e0b0-4399-bfe9-eeb6a52ecc97,Susan Rush DDS,ugonzalez@example.net,001-771-919-3246x73904,"54303 Lopez Island Suite 736, Faithside, AL 81719",Business,730,NH,2021-09-16
0b296a22-4739-479b-9015-11d4fa60ce80,Kendra Mcdowell,andrea32@example.org,783-997-3940x636,"9564 Edward Ports, New Abigail, KY 80959",Business,765,MH,2021-09-09
52c6e1a4-4247-49c1-987d-6c6fe790e665,Sonya Berg,johnsondavid@example.com,001-904-877-1703x99271,"54990 Tammy Port Apt. 540, New James, CA 80462",Business,678,IL,2021-02-28
b931f24a-06f4-4071-a3e1-6262738f2623,Dennis Hall,wesley40@example.org,(419)236-6675x517,"PSC 4350, Box 2648, APO AE 67708",Business,615,WI,2022-12-14
dbc58f83-b030-4f48-9c53-bb8a424c5c38,Lindsay Barnes,nathanharris@example.com,001-904-667-8355x969,"57342 Anderson Mews, Port Amy, CT 74697",Checking,696,NY,2021-05-05
9a6db7a1-778a-4844-bd80-c01c3c4f4555,Jacqueline Floyd,andreacrawford@example.com,+1-444-236-8836x965,"96057 King Loop, Jennifermouth, GA 44924",Savings,620,KS,2024-05-11
d33478de-9c83-4375-a894-144f52f37482,Rachel Scott,rwilliams@example.com,748.566.1883,"144 Crystal Place Suite 391, Gibsonview, NH 21764",Checking,631,CA,2021-10-27
a9e13b5d-2200-4461-a347-e2cf29e84a1c,Mark Hatfield,kenneth28@example.net,+1-984-298-3778,"18256 Joseph Avenue, Port Reneeton, KY 48158",Savings,722,MT,2022-04-06
651fef89-332a-4811-b35d-8ce196f6f9df,Michael Buck,williambush@example.net,+1-561-656-8259x5687,"331 Vasquez Oval, Lucasville, MN 50166",Savings,766,CA,2024-11-16
edc798cb-f12c-4309-a59a-aebcdc72b75a,Jonathan Stark,chandlerjessica@example.com,+1-965-831-8158x45555,"4654 Simpson Light Suite 234, Port Jeremytown, CA 27997",Checking,769,MA,2021-07-16
6932e5f0-aff6-4514-bb5a-95f523057467,Christopher Adams,rcolon@example.net,+1-279-385-2908x325,"68022 Craig Avenue, Jonesside, GA 91592",Savings,687,CT,2021-05-26
f8ed911d-96b7-43ab-a1d7-fa42b98a7d66,Christopher Norris,jameslogan@example.net,(753)802-4460,"USNV Burke, FPO AE 00847",Business,716,MT,2024-07-18
a65cde90-7de6-49ea-a027-2da6843f0b5b,Matthew Mcpherson,robert33@example.net,(862)200-6055,"04268 Novak Mission Apt. 830, Port Steventon, VT 74502",Business,616,SD,2021-10-07
f72c2b1e-c166-4a53-85f7-318180ef62b0,Daniel Ross MD,perryemily@example.net,2605229340,"USCGC Stokes, FPO AP 12710",Business,667,ID,2021-08-23
f9d0c388-283b-4108-bb33-7012bcb3905d,Frances Mcdaniel,hernandezpaula@example.com,375-430-4582x248,"Unit 4451 Box 3190, DPO AP 71616",Business,705,TN,2023-06-01
b948fee8-25c9-44c6-8ce4-b21e435aa461,Nicholas Sloan,jscott@example.com,+1-397-279-3163x35557,"USS Jackson, FPO AA 53243",Checking,816,TX,2021-11-16
94ee8bda-e09f-41e0-b89e-1035d1e22797,Lisa Cunningham,hollykirby@example.net,001-721-572-3414x78367,"3916 Sawyer Shore, Port Codyberg, DC 22609",Savings,718,ME,2022-12-17
d01fc831-374b-4783-a6b4-d3b603fa8f2f,Adam Becker V,hensleyrobert@example.net,(293)497-6938x368,"444 White Spur, South Juliechester, KS 00718",Business,692,CA,2022-07-30
7b0efbd1-3987-44a7-83fb-0886e5530995,Taylor Marks,reyesdana@example.org,001-567-498-7713,"PSC 8345, Box 9515, APO AP 77800",Business,746,VA,2023-03-26
e57f17dd-e8b8-44d0-a9e1-9f1d56c5dff4,Eric Greene,linda10@example.net,594.706.9670,"PSC 4335, Box 1918, APO AE 60933",Checking,697,IL,2022-12-23
6729ae0c-fc28-430f-b0e6-1fd376e510e2,Karen Clark,ohodges@example.com,001-525-980-9052,"7072 Joshua Manor Suite 844, Angelafurt, MH 33232",Checking,741,RI,2022-08-03
9edf5b17-84e8-42f0-a3cb-8643f834fea0,Shannon Myers,hallmichael@example.org,353.683.7604,"2352 Larson Well, Silvafort, FL 68286",Savings,717,CT,2022-04-08
bd7cd657-ab05-4d22-b160-2d0ff471b30f,Michelle Griffin,maria01@example.net,+1-420-797-1752,"18873 Williams Radial Apt. 886, South Amy, DE 23017",Checking,688,NC,2021-07-27
35e98b8c-b7f7-4720-a845-a57eb71cb950,Stacy Allen,hinessheila@example.net,364-551-5646x94228,"55662 Davis Freeway Apt. 686, West Jennifer, NJ 68543",Business,741,WY,2024-09-04
ff83b3c6-f00e-4c92-ab31-9937268f817d,Wendy Hansen,deanna65@example.org,(603)447-2586x8586,"Unit 7891 Box 4285, DPO AE 37679",Checking,835,NM,2023-10-31
d208f1a1-412f-4ee9-9e9a-ba5b30e76c05,Mr. James Hess III,kmarsh@example.org,577-619-2550x52253,"Unit 0638 Box 3888, DPO AE 74145",Savings,814,NE,2023-01-05
24f75462-2caa-4b97-b44f-c3bc1a700a3f,Juan Wells,qevans@example.net,578.378.6580,"28886 Anthony Land, West Johnnychester, ID 65214",Checking,715,AK,2023-08-03
1a789e4f-0ce2-4486-9454-04f9a93020d1,Dana Nguyen,zachary65@example.com,318-448-1606x770,"PSC 5297, Box 2294, APO AE 58667",Checking,706,DE,2022-11-11
90ea3eb2-d237-4ab8-93b0-ef98d5b63354,Kristin Johnson,chapmananthony@example.net,001-589-713-9353x5848,"1795 Powell Trafficway, South Paul, MP 42964",Business,714,KY,2024-02-01
d1dea64e-0add-4d95-85d4-408df27e184b,Joshua Cameron,thomasthomas@example.org,(375)894-8711,"7260 Johnny Haven, South Michael, OR 98005",Business,799,VA,2021-09-21
5bd56263-d091-4ba8-9a1f-f212278eb2f6,Sherry Rollins,shepherddouglas@example.net,370.386.5484,"84656 Thomas Shoal Apt. 811, New Kiarafort, ND 36323",Business,784,WY,2023-10-29
47b5064f-9a6f-4084-9c5f-108588586dd5,Brooke Jones,anitapalmer@example.net,001-220-865-7222x289,"USCGC Briggs, FPO AA 71666",Savings,692,HI,2021-04-18
e852a82d-a179-42c5-a54f-f960bbadea35,Nicholas Miller,wilsonpeggy@example.com,+1-329-696-0959x00419,"281 Jerry Underpass, Russellmouth, MP 75582",Checking,840,MT,2022-06-02
76a2838b-8ef6-4fc8-a323-ae860efa72fd,John Patel,kathleen93@example.net,874-323-8762x46016,"889 Gonzales Rapids Apt. 977, Port Wendy, NE 38061",Savings,626,RI,2023-11-23
600b89ea-3796-4fdf-9aff-9d12eedfdfb9,Randy Ross,qmoon@example.net,+1-244-908-7235x1577,"41357 Horton Bridge, West Christine, ME 84491",Checking,636,DC,2023-02-09
d5fbd7c4-42f1-4c82-a82a-281a663fafb7,Pedro Collier,crystal67@example.com,(507)998-3762x667,"288 Walsh Pass Suite 561, Jamesfurt, VI 32559",Checking,661,TX,2021-05-17
0c6c2a1b-cd77-46cd-804d-68b513b1379c,Joshua Fleming,tjohnson@example.org,001-447-456-9796x3956,"574 Wade Islands Apt. 774, Port Natasha, AZ 68934",Business,796,AL,2023-03-23
569d98b3-9389-473a-a92a-a5fb602eabfd,John Molina,davidlin@example.net,+1-395-573-6825x334,"7738 Raymond Squares, Johnsonberg, GU 26666",Business,612,WA,2024-11-23
1d158bd6-a287-4bb1-a0dd-cd6e15287d55,James Lee,christy60@example.org,774.256.7066,"751 Hall Ports, Stephanieburgh, WA 97940",Savings,775,MD,2022-02-17
3e695997-676c-4bbd-a00f-3b2a2f2d164e,Valerie Lopez,tinafisher@example.com,+1-712-732-0468x264,"641 Moore Ridge, Emilyton, MN 77692",Business,819,OK,2022-12-07
d9f51e4e-4826-4573-b123-f67e7a6befbf,Sandra Moore,jamesbrown@example.net,+1-785-469-4191x04884,"24771 Wilkins Point Suite 722, North Lancechester, MT 05238",Business,708,LA,2021-03-03
26150b2e-bcd4-4b9a-a4ec-d0a653d05faa,Lauren Hahn,johncraig@example.org,+1-231-323-2682x77380,"021 Joseph Avenue, Turnerport, WI 48141",Business,585,MD,2024-12-09
722beb0a-50b4-4be8-9aaf-9561caeab744,Theresa Cochran,gregorythomas@example.org,6255097197,"779 Anderson Mountain, Melissaton, VA 07493",Business,638,MO,2021-07-20
400f5916-cb58-411d-b641-b99e204cc31a,Daniel Davis,jtrevino@example.net,(922)548-7552,"939 Craig Underpass, West Stephanie, MO 90903",Business,716,MN,2021-07-18
5454b07e-0f8f-4f18-a4b2-e06868b1c6e9,Brian Flynn,browncaitlin@example.org,276.541.1539,"8697 Horton Ridge, Jordanborough, CO 26249",Business,754,MT,2022-01-05
b60dd65a-0bd2-4455-8bce-2124d697f7bc,Elizabeth Davis,garciasteven@example.net,370-995-8929x73966,"07953 Nicole Mall, South Kristi, IN 94991",Checking,730,TN,2023-01-10
4a3dac38-97a6-41bd-8921-9a992cca1a46,Noah Anderson,kurt26@example.net,+1-412-761-0667x996,"193 Wendy Plains, New Kimberly, LA 39758",Savings,660,TX,2022-05-01
6d7a22d3-0241-4e58-8830-e1d105559b47,Emily Moore,leechristopher@example.com,(912)770-8683x27804,"445 Rachel Tunnel, East Danielhaven, NV 44806",Savings,581,NV,2021-06-19
508b87f0-5bcf-4695-a252-a1e6b10741d4,Jacob Williams,yleach@example.net,451.751.4914x84859,"821 Russell Square Suite 987, West Marcus, HI 15132",Business,714,TX,2024-08-16
14b75577-5b1e-477c-8df9-f41b95eb6237,Reginald Nelson,dmiles@example.com,814-914-5862,"627 Smith Motorway Apt. 324, West Rachelland, AZ 05940",Business,671,SD,2021-07-27
bae5c5e8-12f5-4a10-94d1-422b8ceb98ef,Jose Savage,jenniferhendrix@example.net,+1-837-697-8224x031,"71771 Jose Ridges, South Matthewborough, FL 96084",Business,634,VT,2022-11-25
9949ea81-9e16-4c12-8d88-d70ed58f3803,Jordan Cameron,roberthansen@example.net,+1-756-374-9813,"8149 Mary Fort, Meyerchester, OH 96442",Business,732,NY,2021-06-27
0ad3e3d4-fed8-472f-81ed-201cf81cfba9,Amy Estes,lopezelizabeth@example.com,+1-369-401-5375x5087,"8803 Anderson Loop Suite 326, East Nathanside, MI 85349",Business,839,AS,2022-08-25
116648d7-1eec-49b5-8ed1-60803aa12dc5,Russell Parker,yparker@example.com,(439)410-2430,"81129 Angela Cliff, South Cynthiachester, WV 97328",Business,681,MO,2024-12-30
99de1c15-af7a-420a-8391-d5c469121e08,Angela Nash,aaronbruce@example.net,6935180684,"92465 Horton Route, New Maxwellville, DE 01897",Checking,771,PW,2023-03-01
66b51238-8f33-4108-9e19-a46dbbf48c59,Andrew Hardy,miguelblack@example.org,701-542-2708x94087,"PSC 7740, Box 7856, APO AP 81447",Checking,580,MD,2021-10-30
ed3072c9-1baa-4c47-b791-019855701d77,Joshua Franklin,gloriahammond@example.org,(931)907-9336x662,"579 Ramirez Plaza, North Jamie, AZ 50270",Business,745,WY,2022-05-15
71dc1cd8-d734-437d-8dc7-aa29494ee763,Shawn West,david16@example.com,427.863.3191x3113,"706 Arias Brook, Mckinneystad, GA 16884",Savings,589,OK,2021-06-17
501db5c8-2bd6-4459-9cb8-fbbaf222a40b,Dawn Torres,jsanford@example.org,696.557.5494x1323,"36477 Eric Land, Lake Tylerberg, ND 70773",Checking,765,NJ,2021-06-10
967d07de-a35f-4c0b-b478-60ebba4b068c,Edwin Schaefer,lboyle@example.org,+1-222-598-3264,"104 Lori Centers, Whitehaven, DC 71242",Savings,702,KS,2023-11-02
e6115393-72c8-465e-b3e3-2553b07d2743,Susan Macias,ejordan@example.net,(668)883-5638x1186,"7664 Julie Lights, West Lisafort, WV 07431",Checking,703,MD,2021-09-10
08a76aea-fda8-4499-b8d0-b643fa894fea,Mr. Dalton Ford,tfrazier@example.org,(719)788-6055x2474,"8888 Frances Circles Suite 389, South Marychester, PW 59690",Business,620,AR,2023-05-30
04245fc8-d59a-4a5d-a42a-865da8251e45,Jessica Pace,travis39@example.net,5622750003,"635 Jennifer Cliff Suite 782, East Elizabethside, PA 36518",Checking,828,KS,2023-01-27
f56e6b44-48fa-4f64-8f88-9ff11427ae54,Denise Carter,youngluke@example.net,442.245.8187x844,"790 Fields Center, Smithfurt, CT 60353",Checking,644,MD,2022-03-20
5738f29b-3847-4b36-82c7-6fb7a3aa0a7f,Katherine Stone,cathywilliams@example.net,336.539.6771x687,"4432 Teresa Street Apt. 051, Port Lacey, SC 38369",Checking,823,MH,2023-01-01
a6283704-07e6-4bc7-a0c1-b4f6b41e8e5a,Matthew Adams Jr.,davidmorales@example.net,540-596-0757x158,"8569 Joseph Plaza, North Jeffrey, OH 16550",Business,664,LA,2023-06-25
66373930-32c4-4c09-8be9-4111372bced1,Brenda Baxter,prattshawn@example.net,(381)232-3315x006,"029 Thompson Cove Apt. 683, New Davidshire, PR 14073",Savings,850,IL,2024-01-23
bef2c4f4-71b1-46dc-ad1b-e4c5c76e3b5d,Jennifer Reynolds,kararobinson@example.net,(855)819-6358,"Unit 6023 Box 6969, DPO AA 93491",Business,796,MT,2024-11-13
3f924404-5044-48d0-9731-f2307f7e38fc,Justin Lane,charles63@example.com,993.859.5004x4720,"23495 Roberto Meadow Suite 602, Hollandchester, AR 38753",Checking,682,HI,2024-12-03
48f0e0ac-c523-4a82-a6bf-e28bff73d8ed,Christopher Carroll,dholmes@example.com,+1-569-955-8662x19561,"1166 Jackson Mews Apt. 493, Port Cynthia, CO 27314",Business,739,RI,2021-04-21
ef39b4c4-7bce-4f23-abcd-3dcf7ffdf378,Valerie Chapman,barryjohnson@example.com,+1-747-482-8003x9871,"3377 Clayton Street Apt. 626, Connieland, WI 68203",Savings,771,MS,2023-09-27
cb6d35cc-6541-4e23-bc2f-f8ca77abfdf6,David Clark,khernandez@example.com,+1-630-966-6376x533,"046 Aaron Springs Apt. 943, North Williamtown, VI 18403",Savings,844,MT,2022-06-10
626c635b-fce9-47d5-9ec0-98dd85d73865,Anna Martinez MD,emorales@example.com,2917837666,"751 Ryan Row, Lake Jefferyborough, PW 73209",Savings,641,MN,2022-07-14
8f74b7e9-b8be-44a9-806c-0ecf5fe68824,Melanie Herrera,iwalker@example.com,001-385-558-2964x562,"6850 Lin Tunnel, East Randymouth, PW 62242",Checking,695,NE,2024-12-29
fcbbec94-61a2-4559-9009-3b4d2740408a,Becky Lee,youngsteven@example.net,(437)275-6948,"Unit 8057 Box 2553, DPO AE 34975",Checking,753,NV,2023-06-25
a69de414-0a33-407d-bd80-265b58d727eb,Sharon Tucker,allisongarcia@example.org,(685)977-4290x22449,"909 Hall Stream, Colleenside, MA 88559",Checking,697,NY,2024-09-15
000c4881-6685-44b8-b659-896d698d3cf1,Megan Harper,npowell@example.org,856-304-3184x525,"PSC 2858, Box 0450, APO AE 99717",Business,692,FM,2024-12-24
afd40799-d122-4f4a-9f9b-98016e1b906f,Denise Hodge,jesusstewart@example.org,295.583.4023,"7369 Miller Road Suite 047, Andrewville, MT 28099",Checking,616,IL,2024-02-09
f78d6361-3330-47ca-a2cd-c5f4a1ecdb23,Donald Dickson,william24@example.org,001-469-325-8271x77966,"PSC 1606, Box 7065, APO AP 95796",Business,610,NV,2022-04-16
52661423-d42b-4df1-bf1a-9cbca70b8175,Ms. Erika Chapman MD,sheabrenda@example.net,+1-256-719-5531,"7767 Meyer Motorway, Delgadoberg, WI 13197",Checking,614,AZ,2023-04-03
50fb14fa-8395-4782-93d6-7d493d421797,Stephen Acevedo,zhangmary@example.net,(839)208-9665,"0510 Kline Stream, Duncanland, AL 39486",Checking,749,KY,2023-09-23
4ff56949-8a08-4ac9-aa3c-8d106556f41f,Corey Bennett,mbeck@example.org,001-432-545-8057,"69561 Robert Meadows Suite 540, Donovanside, KY 26806",Checking,843,OR,2024-05-29
c7f02d56-2c10-4cc8-977d-67aa7b8a2384,Angelica Russell,priscillamosley@example.net,(300)498-8856,"47972 Lewis Pass Suite 726, South Mason, KS 60387",Checking,722,OH,2022-12-30
33d5c104-036f-4c0d-9b8c-d566513cf8d1,Beth Carpenter,joanna71@example.net,001-769-577-3289x34115,"2637 Thomas Street, West Rhondaborough, WV 13851",Business,828,KS,2024-02-16
edd758e3-a573-46cd-9ddb-d2a59472234f,Laura Smith,ericlong@example.com,001-909-712-8053x358,"0963 Chad Wall Suite 431, Lake Juliechester, MA 12832",Checking,647,FM,2023-09-08
723ea8d8-15a9-4e9d-a4a2-6f4591d81d6b,Miguel Obrien,ganderson@example.org,001-958-715-9640,"55880 Nicholson Point Apt. 185, Bennettchester, VT 28057",Business,822,LA,2022-11-03
ef277c5d-57e6-4e90-b486-29467e43bead,Marcus Fields,kelly97@example.net,(942)584-0546x2748,"6474 Tyler Cliff Suite 493, Josephville, CO 90748",Checking,822,PW,2022-11-27
ebb8817a-3f0e-413b-bb48-cbd617a4cc7c,Katherine Blanchard,warrencole@example.com,388-338-8160x1267,"640 Smith Land, West Rachel, IA 43872",Savings,677,WV,2023-11-21
6223aad1-d68c-4897-829f-dc5e0eddf983,Amy Swanson,rebeccasantiago@example.com,420-734-8156x302,"PSC 8634, Box 5189, APO AP 74821",Checking,629,FL,2025-02-15
a03e410e-23cb-409b-8fac-e9bf421ed62f,Zachary Russell,jessica43@example.org,358-680-7404x8818,"808 Samantha Ferry Suite 496, Davidview, CA 84647",Business,800,ME,2024-09-15
d05c143e-58e8-4c4e-a188-b1125d5eb86f,Mrs. Jennifer Sullivan,ronnie17@example.com,664-419-3495x7049,"24484 Mitchell Row Suite 993, South Amber, TX 41858",Savings,796,NY,2025-02-13
1d4446ce-a139-4fe7-b0e9-bf761237f10a,Francisco Summers,alexiscontreras@example.com,691.786.3097x8793,"79896 Lowery Court Apt. 801, Catherinetown, CT 50491",Savings,819,GA,2021-09-22
17676ef3-f74f-49e4-8af8-f406ba9bf02a,Rhonda Lucero,delgadophilip@example.org,435-550-9814,"USCGC Jones, FPO AA 49754",Business,607,OK,2021-11-16
30c3b7fc-b6cf-433a-83f8-ce034007606f,Erika Torres,walkeranita@example.com,001-704-508-8319x22226,"5151 Monique Cliffs Suite 668, East Jennifer, ID 55214",Business,630,OK,2023-09-24
a37fbc67-3520-47fa-93ac-ed6400784bf7,Mary Reed,peggy57@example.com,001-661-705-8197x9054,"5513 Tyler Lock, Jerrystad, NV 86243",Checking,786,NV,2021-07-28
5d6b0d27-ddf7-4ac6-991c-88ceaf8a336e,Amy Castro,reneebennett@example.net,001-729-211-7204x9474,"2413 Brown Estates, West Sandra, SC 31703",Business,753,MP,2022-06-25
0fd8e04f-f92b-425c-8f83-f249f98317d1,Julie Robinson,evan73@example.net,001-898-677-2561,"39386 Jeffrey Plaza Suite 236, West Maryburgh, OH 20072",Checking,707,WY,2024-08-07
00a4f6a3-c33e-4459-8ac0-49375ff10e2e,Nicholas Barrett,brownphillip@example.org,001-922-774-9606x47071,"35703 Justin Locks, East Hannah, WI 70060",Checking,677,OR,2021-11-26
8348998c-985d-46bc-a60c-5f212df5c11b,Alex Roberts,pfoster@example.com,(273)644-8352,"7242 Wanda Flats, South Maria, NH 83360",Business,809,PR,2023-01-05
ad386aef-f2dc-498d-976e-590e21d0d6fd,Jamie Smith,phenry@example.org,270-541-2212x63959,"3133 Harvey Terrace Suite 623, Port Sheri, FL 52638",Checking,796,MI,2023-11-10
95159500-7416-4809-ae5b-25eb0b36fa4d,Angela Jackson,joshua05@example.org,+1-561-888-2471x0395,"7007 Frank Haven Apt. 945, Youngville, VI 68810",Checking,722,CO,2024-08-01
a17f41e2-c6ab-458f-a5da-aee625832194,Lisa Lucas,rachael24@example.net,869-387-7733x957,"3088 Alexis Orchard, South Jodishire, DE 52506",Savings,707,MO,2024-03-24
7d7accc1-3591-40fa-8a07-0f09738aa041,Daisy Solis,rbrown@example.net,001-249-928-6391x5174,"439 Samuel Islands Apt. 862, Jacobsfurt, ND 68580",Checking,806,SD,2022-07-24
0e4710d6-db70-4cef-83b6-bb6cbeb94b4b,Tyler Brown,rodriguezkimberly@example.org,+1-982-685-3847,"2723 Carr Alley Suite 559, Lake Stephaniemouth, DE 53343",Business,630,DC,2024-04-16
a4d232e7-c386-481f-b045-c7b69ba623ce,Joshua Boone,kimberly38@example.net,309.468.5460x93562,"895 Melissa Ridge Suite 341, Lake Chad, MD 90397",Checking,587,DE,2021-08-05
6ce52566-9df1-41e0-a058-573d48086fd2,Wendy Gonzales,deanna21@example.org,001-443-728-1721x7808,"3236 Mark Village Apt. 458, East Kathleenchester, NE 65622",Checking,701,PR,2021-10-09
2e8d781a-8a6c-4a10-84d8-6e4ff7954cef,Michelle Edwards,fjohnson@example.org,(924)977-0818x184,"859 Vance Islands Apt. 796, Nicholasville, MT 18427",Checking,788,WV,2021-12-29
016be4fb-9dfe-40ea-85aa-092b7443f3c2,Peter Lane,samantha93@example.net,001-705-389-5553x4789,"079 Amanda Stravenue, East Holly, TN 68979",Savings,826,OK,2024-01-07
2b939c27-1bd8-4d0b-a504-39e7162b4eae,Erin Brown,mmayo@example.net,5052944247,"5949 Sweeney Stream Suite 546, East Amyborough, AL 68609",Checking,785,LA,2023-11-23
aea874e6-eb64-43cd-98ae-f051845441b7,David Johnson,rivasmelinda@example.com,983-423-6415x2590,"USNV Hancock, FPO AE 22789",Checking,664,NV,2023-07-02
9291b4d8-98b9-4fbe-aeae-0281083e68f7,Marie Edwards,ericabooth@example.com,291-845-3265x05655,"4825 Mann Mountain, North Kenneth, UT 73927",Savings,581,CO,2021-09-05
e71f7c8a-d123-4d86-baf2-22470bd273d2,Brittany Jackson,keithmaddox@example.net,788.617.7009x325,"57698 Joshua Valley, Port Brittany, DC 64142",Savings,715,NY,2023-02-23
4c3450fd-6c10-4cc4-a754-0aa989cb013f,Christopher Walker,qrobertson@example.net,812.692.7064,"059 Ronald Bridge, Whiteburgh, MT 57409",Savings,726,MA,2024-10-20
2909a4b9-d93f-4690-a19c-d06cb2f5287a,Mary Brady,christopher47@example.org,001-285-561-7321x644,"Unit 6561 Box 6254, DPO AP 02552",Savings,829,FL,2022-07-08
0751c7f7-312c-40f4-8625-c86fb1d24016,Sara Smith,ericspencer@example.com,4757362776,"90976 Colin Forest, Jamiemouth, ND 67183",Checking,677,ME,2023-12-05
476ebae2-f799-4f82-8c55-83f90b11344e,Richard Turner,cruzfrank@example.com,+1-572-718-3388x02648,"0251 Jones Center Suite 977, Emmaside, VA 30462",Savings,691,VI,2023-02-04
a24e92ef-54f0-4978-a6e5-ea8dbe514a2f,Connie Fernandez,johnsoncheryl@example.net,522.865.9979x5592,"932 Thomas Drives Apt. 643, West Matthew, AL 07382",Checking,611,OK,2021-10-19
db74072a-3d49-422f-a129-f0e6a4fbceb3,Joyce Powell,williamskatherine@example.com,5859235618,"2814 Shah Road Suite 286, Moranberg, TX 05093",Business,740,GA,2025-01-18
0031d18f-6468-49ee-aeff-2eaed6ff8a60,Willie Rogers,stephenjones@example.net,+1-647-225-6086,"5918 Stefanie Spurs Suite 973, South Shirley, SD 80559",Checking,605,VA,2023-08-29
cd70919e-9da9-4e98-b62d-f2efea1b2a75,Edward Kelly,unewman@example.net,967.526.0528x96344,"82723 Jennifer Fall Apt. 981, Nguyenview, WY 09166",Business,824,NH,2022-09-14
b814df50-d25a-495b-b75e-0da327796e6d,Brian Jackson,greeneglen@example.org,(433)471-7216,"08760 Winters Walks Suite 557, Perezmouth, AL 84333",Business,660,RI,2024-04-23
6e87f69c-f2e6-40d5-88c9-dd40b95c8433,Nicholas Horne,xdavis@example.net,(995)460-4438x60949,"064 Roy Manors, Lake Thomasmouth, MO 08115",Checking,840,MI,2024-02-23
ecef72fc-f3d8-4c48-96bf-dae67bfca780,Penny Rivera,ronald13@example.net,618.543.2865x5387,"599 Aaron Union Apt. 319, West Johntown, MT 83779",Checking,675,FM,2022-03-21
7d964a98-bea9-4b94-8da9-cff8dd8540ef,Matthew Cox,davisrachel@example.org,+1-306-584-4076x8701,"91436 Edwards Land Apt. 439, West Sabrina, SD 99173",Checking,614,MI,2022-06-13
24d0edb2-b352-4959-b686-d3521269617e,Cynthia Price,jbernard@example.com,325-881-6521x9430,"Unit 2170 Box 0312, DPO AE 36119",Business,700,KY,2022-11-03
cfae28a9-b908-43f7-8918-7b5a245362c9,Megan Contreras,vickimanning@example.net,+1-525-731-2893x90550,"434 Shane Spurs, West Victoriachester, MI 09094",Savings,641,FL,2022-06-21
dd84d55d-09be-4874-808f-5d02c57c260e,Michelle Harris,jphillips@example.org,289-814-4342x495,"3669 Jennifer Parks Apt. 385, New Rachelbury, NH 25769",Business,706,NJ,2021-09-08
85ab6e43-8d20-4c8f-b2f8-ed91df5e2bdf,Maria Randolph,zromero@example.net,001-414-258-0823x2654,"9669 Patrick Avenue Suite 009, North Stephen, GA 34891",Business,600,VT,2025-02-03
78fbf2ad-b433-43a9-8392-5d0e0c278c15,Sarah Rich,stephensmarilyn@example.net,(334)642-6481x418,"538 Dawn Hollow, Michaelton, OH 11846",Business,621,RI,2021-04-01
de1316cf-5806-40ce-a110-dcba0086a12c,Wesley Maynard,pponce@example.org,735-459-7883x9708,"4713 Hunt Locks Suite 249, East Rebeccashire, MT 38635",Savings,847,MP,2023-09-20
2ef021b2-fa5c-466d-96b6-1ca2120911dc,James Daniel,carol81@example.net,3776970989,"39157 Brown Meadow Suite 742, Davidville, AZ 22148",Savings,713,DC,2023-05-15
b5bab968-7244-4594-a6a7-04f1607e99ac,Timothy King,daniel47@example.com,+1-837-594-3943x487,"0095 White Motorway, East Jose, OH 11294",Checking,740,DC,2023-01-05
7b472b51-3d91-4ff0-ab2c-36510962df21,Derrick Bennett,bradley42@example.org,(510)615-4780x877,"464 Lauren Summit, Ashleyburgh, WV 76163",Checking,715,MO,2021-04-30
1526f183-3438-49f7-9067-b7e40552a4da,Cheryl Church,william42@example.com,247-494-8127,"3505 Benjamin Overpass, South Randybury, MD 59913",Savings,647,TN,2023-02-25
1ffac241-b1cd-4ca3-989b-4c0b635b5d6d,James Lewis,scottphillips@example.com,5264033459,"USS Valencia, FPO AP 32014",Business,733,IL,2023-02-05
ffe5ee72-901b-4099-a71b-1e31d145d5a3,Christine Stewart,matthewmiller@example.net,+1-617-245-1234x89471,"59262 Jason Canyon, North Jeremy, PR 47298",Savings,741,ID,2023-07-23
68c8b3f5-d041-4e3a-92ec-88e769e794d1,Patricia Oliver,danielle29@example.net,4533879531,"1857 Maria Glens, Ramosberg, CT 92841",Checking,584,MS,2023-06-28
ef0b768a-3635-4c6d-8161-a4f1df8e36d5,Lisa Watts,hfranco@example.org,001-916-831-4942,"USS Peterson, FPO AE 69050",Savings,631,MT,2023-09-24
5c21fbc3-8957-48e0-bd6f-fee86373079a,Tabitha Smith,danielreese@example.net,283.749.2528x80946,"148 Scott Drives, North Meredithchester, NC 66042",Checking,689,AS,2021-10-07
35adcde0-75c9-4c03-9551-d0651f932346,Brendan Spencer,omarmaldonado@example.org,+1-257-472-5309,"8566 Tiffany Mews Apt. 147, Franklinville, ID 27913",Business,715,PA,2022-07-23
93a91e36-994b-46ba-a2b8-95a920636a60,Ryan Allen,uwagner@example.org,(701)344-4500x162,"67481 Rodriguez Union, Medinashire, GU 18871",Checking,758,MS,2022-02-20
412e611b-b40c-4040-bbb4-75bdab9b0816,Erica Robinson,newtonzachary@example.com,278.941.5474,"525 Matthew Trafficway, North Peterberg, AZ 23664",Checking,705,VA,2023-05-24
3c74ec82-d3e4-44eb-93b0-59e3b3a0edc0,William Rodriguez,christian85@example.com,387.627.9638x6882,"701 Anna Street Apt. 048, Valenzuelatown, TN 02802",Savings,725,LA,2024-10-09
74573952-c2c4-40ed-9db2-270fd2ede5fd,Steven Bonilla,dustindavis@example.net,963.268.3980x50205,"54641 Davis Underpass Apt. 236, Randallfort, NJ 83409",Checking,804,OR,2022-10-11
f59b1b56-6b3e-4149-ad87-63b772d5639d,Brian Smith,toddcarson@example.org,+1-373-496-7128x9571,"992 Chavez Park Suite 316, Lake Karenmouth, TX 01044",Business,734,GA,2021-08-06
6a1dbcfa-c3ab-43f2-be02-ec610d5e0690,Ryan Joyce,patrick50@example.com,764-931-8151,"25749 Nicholas Villages, New Rhonda, MP 54340",Business,850,NM,2023-08-31
fba14d0b-63b7-4529-af08-5c35419901ad,Austin Wolfe,sarah23@example.com,674.956.2292x4185,"94615 Elizabeth Island, Beltranberg, ME 84414",Checking,733,OH,2023-12-28
bf13ff25-f16f-4755-af30-37d14b0e101e,Tim Shea,alexandradawson@example.net,8726409513,"38443 Freeman Plaza Suite 742, Brendaland, NC 58104",Business,633,NM,2022-08-21
b4a1cf70-3bf6-4419-ae91-d160434d29bb,Daniel King,william87@example.com,+1-292-275-0705,"3592 Noah Road Apt. 796, Carlsonstad, NC 41347",Checking,715,NM,2023-02-16
4753d19c-349a-4d91-8998-9a8846a72e5b,Jonathan Preston,stacyreeves@example.org,622.871.1911x61611,"8090 Amanda Isle, South Mistyborough, MO 12583",Checking,634,VA,2023-05-13
489eaf3f-c430-416b-8c0f-ea2ccef8e2c9,Olivia Woodard,romanzachary@example.net,(463)897-9931x25990,"06418 Megan Roads Suite 539, Davidsonport, VT 21806",Business,659,ND,2022-12-05
c36799a8-9329-4346-8de6-4f3fdd659b6b,David Hatfield,kevinbriggs@example.org,9188544353,"3030 Jessica Heights Apt. 198, Port Brianmouth, WY 73030",Savings,724,SC,2024-01-07
403f9bb7-81cc-4d81-a36e-dc4a6f6d2f29,Carl Green,travis02@example.com,001-585-329-6755x93858,"21561 William Fall Apt. 013, Campbellton, AZ 32941",Business,687,MO,2021-10-24
48770634-b9a5-459e-b6a0-96e4447a5ed3,Ryan Cannon,shawnapacheco@example.net,(378)538-4990x561,"USS Knight, FPO AA 87821",Business,755,TX,2023-03-04
a34d07fa-9a65-4a81-8069-d35ddfe23f62,Samantha Watkins,caleb13@example.org,2206351325,"4357 Tyler Fork Apt. 791, Tammyhaven, DC 40225",Checking,715,ME,2022-08-08
e1971a17-6931-47cb-85d1-7f215def4115,Kimberly Colon,wmiller@example.com,567.764.7557x619,"194 Steven Well Suite 486, Lake Ashley, UT 12436",Business,830,NH,2025-01-17
536940bd-0b63-4e92-b69f-ede8b2014f06,Mindy Simmons,stephanie82@example.com,001-550-876-8519x43550,"173 Crystal Forks, East Lonnieborough, VT 14516",Savings,606,PR,2022-10-13
1cc9b030-2646-4fc4-a55e-19cd451cef5b,Richard Hall,jamescastillo@example.net,798.413.1077x5573,"2568 Matthew Radial Suite 188, Tinaborough, GU 53433",Checking,796,WY,2023-10-13
1745d906-bf64-4739-9f68-efedc5b86334,Jacob Howell,adamspaul@example.com,858.573.9780x9304,"5589 Hernandez Centers, South Mary, IN 62955",Savings,602,SD,2023-08-05
2c5290a9-4290-4061-ab1a-a9e401469a85,Denise Rosales,petersmary@example.org,001-490-690-5776x0814,"12543 Charles Circle, East Benjamin, TN 72414",Checking,750,FL,2022-02-16
490fa1e5-3467-48e8-8ff7-44332fd99655,Mary Adams,wpeck@example.com,+1-435-339-4633x728,"690 Christina Bridge, South Danielmouth, ND 10110",Checking,714,GA,2022-12-05
27207c47-9727-4d57-9f60-537707b6aedf,Shannon Miller,jessica70@example.com,001-717-764-2333x69891,"23077 Jerry Mountains, Grantburgh, CT 02843",Checking,806,NE,2023-03-04
d05e5417-da72-49fd-8c34-2996e34a2c0a,Sydney Diaz,seanbennett@example.com,+1-764-706-9829x88300,"008 Jacqueline Club, East Christopher, AZ 18285",Business,798,GU,2021-09-19
fe18b0ae-35b3-4543-9cce-439585c5eeb5,Lisa Hess,cwillis@example.net,+1-651-539-3865,"12985 Harrell Pike, Holmesshire, VA 96055",Business,584,NM,2023-08-09
23c2d343-1617-4cff-80d5-bcc595be610b,Allen Parsons,kevinconner@example.com,+1-583-892-3395x0556,"PSC 5192, Box 1093, APO AE 46622",Checking,618,MS,2024-01-02
a73903e9-76df-495c-942a-7b3f48e0629f,Jennifer Moran,victoria64@example.com,(491)259-5699,"51331 Martin Glens Suite 471, Lake Christine, MT 78976",Business,656,HI,2025-02-07
47a5cb1c-d39b-4cc0-8da4-f14a4eb383e6,Carolyn Mccann,monicaburke@example.net,5059642260,"PSC 1371, Box 1301, APO AP 83760",Business,598,NJ,2023-01-21
aa4f5404-028f-4730-a15a-92c1223418bc,Cassandra Lawson,drew07@example.com,(277)727-1706x2363,"2096 Kara Squares Suite 934, Reginachester, IA 75134",Savings,655,IA,2022-01-02
f31d1564-4bcd-45d1-9610-82beaf5854f7,Jennifer Hardy,norrisraymond@example.net,+1-562-220-7510x78800,"USNV Thomas, FPO AE 82188",Savings,645,GU,2025-01-19
f38674e6-17d7-463e-b903-d90c2fe92e9b,David Myers,briancook@example.net,+1-627-987-2327,"100 Victor Manor, West Alexanderfort, MS 13070",Checking,737,GU,2024-02-18
752233ee-142f-43ec-bc76-3a103d6a6114,Amy Fisher,amandaduran@example.net,(835)929-5620x85243,"848 Christopher Well, West Johnstad, LA 25007",Savings,600,DC,2022-07-28
5d1228d8-385f-4205-b7cb-0c40892de3b5,Erin Mccormick,jesse01@example.net,001-966-217-3560x666,"71072 Hinton Vista, Mistyfort, CT 67319",Savings,687,MA,2023-03-16
20fab281-2117-4650-bf19-175219adc926,Grant Cook,meyerdaniel@example.com,504-279-1498,"348 Jonathan River Apt. 132, East Jared, NV 92932",Business,707,GA,2024-04-07
c6692278-a1e0-449c-89e0-66cd034eae81,Patricia Cole,kimberlysanchez@example.com,7422871196,"837 Amy Crossroad, West David, WA 63599",Business,632,LA,2022-05-23
4f0a972f-5a56-4f82-a5d6-514a08577b90,Mikayla Bennett,vharris@example.net,(805)536-4686,"27668 Andrew Trail, North Michaeltown, VT 75979",Savings,788,PR,2023-07-16
f46ac484-4920-4937-8783-5fd02d22510f,Michelle Bright,amanda98@example.org,657-761-7996x9787,"3649 Gibbs Forest, Barberfort, CT 79571",Business,659,ID,2024-08-24
82842e91-4405-40cb-be69-5eea54cccc60,Heather Wiley,jeremy47@example.org,+1-349-847-1729x54149,"93524 Rodney Dale Suite 791, Timothybury, VT 78487",Checking,663,OH,2021-12-30
74a9a4fe-96b0-4c92-9530-74aaca4dd083,Dawn Gomez,ybarker@example.org,548-829-4339x99125,"559 Wendy Village, South Teresaview, MA 25691",Checking,791,DE,2022-06-20
55f68c82-0a25-4d39-9cce-13b528ddb788,Jennifer Vang,kclements@example.net,+1-937-484-4254x7025,"88689 Megan Stravenue Apt. 582, Deannashire, IL 35982",Checking,671,DE,2021-07-08
bf37d7f3-b158-4b2a-941c-5a507290e137,Calvin Coleman,xobrien@example.com,001-256-417-5971x282,"Unit 3292 Box 5829, DPO AA 73956",Business,750,WA,2022-12-12
99d27382-aa3b-4ba7-9658-abc3076e0be1,Michelle James,edwin56@example.net,(771)935-4881x21475,"USNV Stevens, FPO AP 11621",Savings,707,NJ,2023-12-02
3c094ab1-d948-4f5a-b6a0-2dd1bc4c73f2,Joshua Cameron,christina08@example.net,+1-496-535-3865x18534,"63535 Smith Landing, Lake Amandachester, MI 58124",Savings,661,AS,2022-04-15
2835244d-c8c0-41ce-95f0-4a81d8c275d8,Diane Edwards,jacksonaaron@example.com,377.288.7621x15932,"76092 Lynn Stravenue, Kendraton, OH 92266",Business,635,MO,2022-03-05
15fbed8b-cb91-426c-a4d1-88587116d9ce,Danielle Pruitt,dbryan@example.org,345.639.7528x2099,"3494 Sue Path, West Justin, FM 70058",Savings,599,VI,2022-07-17
b7de3780-5e00-4fa7-8ceb-fc585b7b26bb,Joshua Logan Jr.,steven63@example.net,239-960-7003x77760,"491 Flores Station, Brianfurt, KS 73721",Savings,693,ME,2024-10-10
19cbbd0b-2abf-4e91-bf71-02dafc7d0312,Cameron Lindsey,nancy79@example.com,+1-358-259-0068x7145,"370 Angela Grove, Christinaview, IL 78859",Checking,815,IA,2022-04-09
fd2aec5b-0659-4069-a736-4cd346c1f6a0,Keith Moore,tasha05@example.com,+1-700-692-7518x4087,"3668 Wiley Avenue, Erichaven, CA 46156",Savings,736,OR,2021-04-11
b7549824-a2a5-424d-b732-7b8ab44a516d,Pamela Love,boydconnie@example.net,581.993.8004,"13958 Aaron Springs Suite 496, Shannonburgh, OH 28968",Checking,694,MD,2022-06-28
a278b1d1-5c98-4565-8ada-d5bd2fc070cc,Brian Brown,manningpeter@example.com,6687422380,"023 Michael Shoal, Munozbury, OH 61887",Checking,678,VA,2021-07-24
560a9f04-7541-4c51-9070-251d9ec3cff0,Joshua Stout,denise79@example.org,442-867-8749,"USNS Donaldson, FPO AA 83466",Savings,748,AK,2024-02-13
fef4e15f-8f6f-459e-977f-6eea7a4a8c0f,James Gordon,rmason@example.org,425.479.3200x677,"237 Antonio Street Apt. 889, North Edward, PR 50225",Savings,615,AL,2023-10-18
1434f37a-3e66-45bb-aa15-485407aa2b66,Joshua Orozco,chris65@example.org,+1-448-911-3693,"USS Adams, FPO AP 08837",Savings,759,MS,2024-05-13
bc762c69-f9ed-4cfb-8814-dabbaa3f83d5,Tracy Hernandez,yrussell@example.net,001-597-207-0816x165,"USNS Collins, FPO AP 55031",Business,840,WA,2024-10-22
8b57fc1f-e2e5-4f56-806d-4b250fb07768,Ronald Rojas,luis93@example.org,769-766-4668x998,"4399 Drake Mill Apt. 332, Weaverfurt, NE 41963",Savings,749,SD,2024-12-17
8432be74-4b65-42ae-b3df-693c441eae84,Victoria Reed,michaelshaw@example.net,472.303.7537,"729 William Square, Lake Traceyhaven, WA 92762",Checking,639,OR,2021-10-28
6be9b19c-442d-4d17-8d04-dbd2771a8594,Shannon Williams,cindy95@example.com,316.981.1141x27587,"1339 Brewer Pike, Lake Gregoryside, TX 60921",Savings,671,CO,2023-06-20
9790f84d-ab91-4442-a3c2-982d49da1f14,Tonya Baxter,ortizsusan@example.org,001-508-441-6886x90787,"535 Sanford Forest, Port Lydiastad, DC 63192",Business,715,ND,2023-03-09
1b7a842e-bd3c-41eb-8c47-4f2e7bcee77f,Benjamin Clarke,johnsonalicia@example.com,441.686.8619x97044,"890 Smith Corner, Garciamouth, DC 08643",Checking,635,NJ,2022-11-14
4ba65b09-1321-477b-9e2b-771db2377c0f,Mark Blackwell,rodriguezmelissa@example.net,822.849.2556x152,"1651 Tammy Lodge Suite 092, Port Rebecca, MA 98596",Business,802,FM,2021-07-18
3e4324d5-a989-4f41-9cf6-fb7568e58120,Richard Jackson,lamtodd@example.net,522.597.2155x708,"12693 Cowan Corner Suite 006, Edwardburgh, CO 20345",Savings,740,IL,2023-08-11
4174cccf-9eb5-4b35-9987-429a4fe53b6a,Tommy Lewis,dellis@example.com,001-314-758-2142x99223,"8769 Campos Plains Suite 714, Shirleyview, KY 27828",Savings,841,AL,2021-09-27
9847b25f-5a87-43b2-9de4-76d878e31351,Kenneth Rodriguez,arthur33@example.net,+1-278-954-3159,"Unit 5508 Box 8843, DPO AA 02045",Checking,777,AS,2022-07-07
d04f10b0-30c8-4e3e-9447-5e05671cbbd7,Shannon Mitchell,zacharyallison@example.net,516-505-2386,"7064 Duffy Mountains Suite 613, Smithberg, LA 15964",Business,677,NM,2023-07-15
ce11589c-b681-4540-9151-d10241f7a11e,Jeffrey Richards,hernandezlauren@example.org,9222510499,"0748 Stanley Rapids Apt. 281, Lake Emily, MP 58583",Savings,602,OR,2024-08-04
65fb5f3d-7866-4ebb-ba32-c4d04ff22d61,Felicia Davis,juliacarrillo@example.org,+1-745-624-4273,"62862 Eric Plaza Suite 457, Port Edwinburgh, TX 39299",Business,803,RI,2022-09-20
abc2ff8d-390a-47da-9bab-13321f6e880a,Anthony Drake,lindasuarez@example.org,(946)896-1056x176,"173 Mark Shoal, Jacksonshire, CA 17013",Checking,846,VI,2024-07-21
8af36dfe-8994-4377-b0dd-1b8bf38073bc,Brenda Ferguson,debra94@example.net,+1-795-940-6306x48651,"5912 Debra Junctions Suite 649, New Travismouth, TX 99108",Business,680,AK,2023-08-27
9e26cf86-5b18-4380-921d-61a45bb77c44,Claudia Leach,reginastephenson@example.net,2722633529,"7663 Paige Pike, Sullivanshire, NE 75188",Savings,800,TX,2024-05-02
e9081b76-0248-4083-a092-d913a3e0e719,Kevin Garcia,jimenezkimberly@example.net,433.353.7176,"072 Brown Road, Madisonburgh, GA 04879",Checking,749,NY,2024-11-21
3fb253cf-74eb-45ef-8f83-14e7cd8d94e6,Tammie Palmer,smithmichelle@example.org,001-634-360-0595x2147,"329 Holly Groves, New Amandaview, UT 02925",Business,740,KY,2025-02-12
41b78903-2bbb-414b-b8b5-67f6fcb9d3fe,Monica Dunn,christinashaw@example.org,440.308.0416,"9962 Norris Ways Suite 516, Port Kathleen, UT 76948",Business,643,DC,2025-01-09
599253e2-05f9-4cdc-b700-8bc0060db413,Mary Williams,davidlewis@example.org,662.335.4614x5331,"3717 Eric Mill Suite 592, North Nicholasberg, IL 44940",Business,733,MP,2025-02-07
b736f777-4bee-4e50-b9ef-1de9b5330d7a,Emily Sherman,jpope@example.net,001-678-275-0210x65696,"0608 Heather Court Apt. 207, Stephanieville, IL 95946",Business,738,MI,2021-04-19
71960e0d-2212-4ae0-b607-8daf58e1f284,Larry Lee,thomasturner@example.net,567-319-7850,"45863 Tran Causeway, Robertfort, MS 64518",Business,789,CT,2024-10-03
35081865-16cf-4c26-946a-4e699e69d602,Cindy Swanson,christophercraig@example.com,+1-701-507-7379x3772,"17839 Jeremy Port, East Carlymouth, AR 24045",Savings,786,TX,2022-02-15
8c7e3efb-4ae1-4836-bf20-a8df56deebbf,Paige Peters,grayjohnny@example.com,+1-273-265-3986x582,"51093 Cynthia Road, Lake Joseph, OK 01627",Business,731,KY,2024-12-28
eda148c9-d9eb-4473-be4f-3f0ffd4460dd,Virginia Huffman,williamskathleen@example.net,(828)736-3399x193,"8012 Miller Mission Apt. 227, South Mary, MO 02970",Business,645,SD,2023-12-25
0ad675db-4812-4eec-a643-e29d3c24783b,Mr. David Burke,vwebb@example.com,001-459-611-3443x18070,"82947 Martinez Stravenue, East Cody, IN 95353",Checking,795,UT,2022-08-03
790c3874-8e97-4859-82e5-0abd390d1554,Cassandra Hughes,rodriguezjohn@example.net,+1-214-613-8631x293,"9463 Peters Haven, Griffithport, NJ 60976",Business,774,OR,2023-05-16
f30be7d8-864e-4669-8d56-bdda8f1c384d,Amber Mitchell,dmartinez@example.org,001-722-743-4334,"755 Nicole Stravenue, Hollyberg, OR 08940",Business,669,OR,2022-05-05
29976bfd-3619-480d-8378-30a740eb17e9,Jennifer Murphy,reynoldsjohn@example.net,+1-712-680-9873,"735 James Pass, Alvarezburgh, NC 49098",Business,734,KY,2023-05-27
26bb6470-ceea-4eb8-a59e-4ac327fa12b4,Hunter James,jrios@example.net,(261)595-5663x740,"PSC 9978, Box 4851, APO AA 85062",Savings,580,NY,2024-03-06
7d392b69-6933-4cb3-ae73-437492a9461f,Keith Espinoza,thomas14@example.net,(271)614-0612,"990 Paige Lake, Port Richard, DE 23157",Savings,726,TN,2022-11-21
e6f9d5b9-08bf-467c-84c7-7cd5784e72e7,Bernard Glover,copelandshelia@example.net,375-656-6072,"829 Samantha Plains Apt. 089, East Jonathanbury, KY 12598",Checking,800,OH,2021-10-02
99195b02-bfb0-4f53-b9c5-f3e66317245c,Kyle Wheeler,suarezdonald@example.org,669-862-0171x8898,"322 King Rue, South John, OK 17616",Business,744,WI,2024-10-16
c19278fa-ab7f-4181-afd0-212597c28ab1,Christina Mccormick,mary90@example.org,+1-871-407-7084x51486,"38947 Miller Dam Apt. 802, Mcintyretown, LA 10107",Savings,806,ND,2024-07-20
adac429a-6b5a-47d8-a91f-814a067519a7,Sergio Griffin,samantha36@example.com,377-557-4966x590,"839 Terry Wall Apt. 241, Johnsonfort, RI 34243",Savings,689,MS,2023-12-12
5d2acf95-088c-4b05-9824-6d98d01b0dcf,Hailey Edwards,aochoa@example.com,001-581-477-2576,"8135 Young Radial, Adamsside, WY 53786",Business,822,DE,2021-07-04
96daadb4-6f86-4ee2-bcc0-83b68cf7f1b9,Jenna Fletcher,jonesmanuel@example.net,+1-858-762-2797,"735 Glenn Station, Rosechester, VA 24061",Business,666,FL,2022-12-21
b2fb259b-9061-4838-bb6d-1a168c6062b8,Christine Cain,heather83@example.net,895-511-8008,"61588 Graham Common, Tannermouth, CA 13381",Business,623,UT,2024-06-21
7f0587d5-b35a-4fd9-a8d4-30e2c0a72634,Daniel Evans,millerdaniel@example.com,(578)964-0600,"USNS Faulkner, FPO AP 21055",Savings,843,MP,2023-01-14
9cff4987-3d5c-4507-9caf-145933b9857d,Robert Velasquez,michael91@example.com,9035217062,"USNV Hall, FPO AA 97706",Business,751,KS,2023-09-19
8dc525ee-b145-49ff-8eda-2b41ba53c85a,Jose Coleman,boydmelissa@example.com,578-909-2254,"6433 Zhang Lodge, West Rebecca, CO 82294",Checking,700,MA,2025-01-23
37ba486d-f97d-4266-835a-22e675bfd84b,Andrea Allen,cjackson@example.net,270.933.1873x759,"225 Drake Courts, Port Ronaldland, UT 52549",Business,738,MH,2022-06-26
cc232be6-5609-4f9a-9c9a-c03b521df4cb,Diane Graham,glennbrown@example.com,+1-474-555-3693,"360 Jacob Courts Apt. 245, New Donaldmouth, AK 01114",Checking,681,MN,2021-11-23
e662e744-7921-4597-bb68-8d36ada77202,Justin Rasmussen,cruzjason@example.org,001-870-722-5006x79868,"99174 Danielle Port, Nelsonton, MT 44852",Checking,592,CT,2024-05-27
68adcc01-340b-4bcf-b41c-5925f05c4933,David Brooks,leejohn@example.net,986-645-3367,"9742 Matthew Drives Suite 360, East Patrickland, AL 61172",Checking,705,NH,2024-01-18
21da344c-7c7a-4d38-9db5-5e7364137e5f,Robert Grimes,isaac32@example.com,556.542.2253x872,"037 Wendy Ridges Apt. 092, Jamestown, MI 49276",Savings,617,SC,2022-02-21
2e10519f-4344-4b52-8b60-fb17447083ca,Mackenzie Malone,john65@example.com,(976)432-9590x279,"0128 Joshua Ville, Benjaminland, VI 11302",Savings,792,PR,2022-04-29
06cad21f-f521-4049-817f-e8855907ad21,Misty Patel,mooremegan@example.org,001-835-248-9655,"16356 Emily Rapid Suite 239, Port Denise, CT 75124",Business,679,GA,2021-03-03
d1218b1b-01d1-4d40-ba77-b3392beefe40,Mary Lindsey,smithdavid@example.org,739.248.9974,"4805 Cervantes Fall Apt. 163, Ramirezburgh, ND 76789",Business,776,CA,2022-08-19
a60c12fb-67a1-4a91-bce0-cd7268108a7a,Michael Ramirez,imcdowell@example.org,+1-789-298-1279x85758,"25480 David Green, West Garrett, OK 83018",Savings,784,GU,2021-03-25
2e4cdb9e-f7bb-408f-a9bb-524c5e0dcb2e,Jimmy Young,aoneill@example.net,+1-957-646-5451,"398 Dalton Trail Suite 236, East Jason, AK 18199",Checking,655,KS,2023-08-05
0c9b14e8-01c0-492e-8eac-a2b68c741eff,Michael Schmidt,joshua20@example.com,264-960-7981,"7999 Eric Land, South Kimberly, SD 03767",Business,582,RI,2023-07-17
0df73fc8-f883-4b21-bf61-51f70fb68d61,Alex Mcgee,lee97@example.net,244.715.4751,"700 Olivia Villages, Lake Alexis, KY 57739",Checking,797,MP,2023-05-10
693d46c5-3033-45ca-b171-bd7dc6da36a9,Sara English,jasonbuckley@example.com,+1-755-518-1893x722,"4914 Medina Fields, New Christian, IN 86440",Checking,670,NY,2021-09-26
216b8d6b-4a65-4b61-b3ff-1db080d6359c,Joshua Elliott,wsolis@example.net,376-847-6233x704,"392 Emily Manors Suite 397, West Scotttown, UT 50780",Business,845,ID,2021-07-11
d1287ea6-16d4-4433-834f-4830a06aa7af,John Smith,darrenpowell@example.org,503.767.7387,"196 Brady Mountain, South Lisa, AZ 65390",Savings,605,TN,2022-02-27
dcfc2ee2-ff0c-4208-b4bb-567d6917d51d,Joseph Paul,danielleramirez@example.org,001-847-260-4282x13511,"7855 Cisneros Branch, Nielsenberg, WA 25195",Business,707,AZ,2022-03-21
0bf69a9d-c775-4d9f-bf5c-3fadb928f2b8,Robert Yang,millerruth@example.org,932-647-7339,"672 Holmes Burg Apt. 910, Fosterbury, PA 52140",Checking,813,IA,2022-10-05
dd39f9a3-55cf-43da-8ca0-01a1759e0d26,Sheila Perkins,morrisronald@example.com,413.703.0791x155,"335 Brandon Forest, New Scottfurt, DC 42632",Checking,817,PA,2022-01-31
02e75518-f4ca-4867-8f4d-1d4f6033d260,James Fisher,turnerjennifer@example.org,+1-851-759-1248x67865,"530 Curry Harbor, Port Angela, OR 12470",Business,742,MO,2024-07-24
125c37ae-b2e3-4935-9124-cf5b13186279,Robert Steele,taylorfreeman@example.com,001-248-491-3148,"PSC 9248, Box 4042, APO AA 58803",Savings,838,PR,2021-09-05
22a035b5-daf0-4990-a3e6-80ca88f3ba91,Christina Long,mcclurelisa@example.com,+1-951-717-5775,"082 Morris Corner Apt. 342, North Lindseyshire, NY 20219",Savings,808,PA,2024-12-21
be3121e5-5c1a-4f70-adb0-b2863c7ea1fe,Wendy King,samantha75@example.org,896-280-7374x37396,"440 Taylor Landing Suite 232, Briantown, FL 15498",Checking,823,PR,2024-04-01
ba470f2d-1822-412f-bf79-19799b58ace4,Alyssa Gonzalez,nancymeyers@example.org,299-412-0132x94760,"27919 Troy Underpass Suite 268, Nicolebury, TX 63489",Savings,712,WV,2023-09-18
888ceaa0-bd0f-4cbd-9d27-71ea0c2cc3ac,Alyssa Bell,annette34@example.com,+1-566-448-9180,"172 Snyder Spur, South Joseberg, NY 58247",Checking,721,ME,2024-07-26
2efb959b-f39c-435d-ad2e-54f7663fee04,Larry Villa,michaelmiller@example.net,001-568-471-0636x40496,"955 Anna Loaf Suite 758, Josephtown, ME 50740",Business,828,VI,2024-04-27
19d4e501-5527-46d8-9719-2f48c2808980,Natalie King,erika18@example.org,001-453-242-7047x78316,"2746 John Alley, Michaelstad, IL 50432",Business,702,DC,2023-08-31
2cb291ed-767c-41a4-a2fd-78d779ce3eed,Laura Sosa,christina03@example.com,+1-390-213-2227x9834,"162 Hunter Heights Apt. 707, Lake Michaelside, AK 80166",Savings,805,UT,2021-08-24
321886af-ee9b-467c-b495-c8b34d02a574,Kelly Reed,cabrerajoseph@example.net,+1-884-256-6203x35650,"57038 Vargas Walks, North Ericview, UT 47620",Checking,726,FM,2024-06-08
ea29ddc8-0e9f-462a-9b11-d7bc3aa9c48c,Paul Baker,fosterkatherine@example.net,+1-876-879-6330x1114,"329 Alvarado Forges Suite 025, Port Tiffanytown, AK 67705",Checking,719,MD,2022-12-03
af680e23-8a08-4bc6-8ed3-8751f3ef34ef,Tammy Carson,debra54@example.net,(468)237-9374x162,"USS Fitzgerald, FPO AE 88388",Savings,743,IA,2021-09-12
c170d6f1-8f0e-4097-9587-4d4eebd2621b,Danielle Gonzalez,samuelmontgomery@example.org,227-430-7697x658,"8770 Rodriguez Point, Brownton, IL 54145",Business,621,NC,2022-01-15
72c3667f-ff13-4fb4-b7aa-aecafbb3f188,Veronica Blanchard,wlarson@example.net,885-402-6478,"727 Brown Square, South Austin, NJ 28895",Checking,657,WV,2021-03-19
23cd4d13-67cc-472e-850d-66a5a1cef735,Samuel Miller,manningkarla@example.com,+1-358-468-1352x4734,"80775 Michael Ways, Dennischester, NJ 90348",Checking,776,AR,2024-11-26
48784f3e-7474-4561-8d18-e6b396f10dbc,Emily Mccoy,earl15@example.org,+1-350-546-3155x5955,"21018 Robert Parkways Suite 406, Jimenezport, GA 98809",Business,658,AS,2024-04-30
c367e33d-608a-47ff-8250-486a4dc465bc,Ms. Robin Lee,ashley32@example.org,3634896761,"97148 Shari Stravenue, New Nicholasport, MD 70837",Business,689,VI,2024-08-18
71213094-31c4-48db-9167-fb49cabf91a7,Carolyn Sims,john03@example.com,(813)635-0375,"104 Giles Highway, South Sandra, KY 71080",Checking,792,OK,2023-04-14
592f8961-7049-4938-8f7a-783149befdd0,Sandra Flores,dscott@example.net,001-233-945-0430x067,"79161 Jennifer Track Suite 852, East Robertside, GU 48839",Savings,749,WI,2022-06-16
a793c1e7-2224-4675-9605-76993d92be1e,Jennifer Roberson,wuvirginia@example.com,956.723.9642x3761,"8000 Gail Curve Suite 216, North Jasontown, MN 13333",Business,818,PR,2021-05-19
39e4f478-18a6-4be7-9ad9-3849239f6582,Donald Davies,alexanderveronica@example.com,858.800.5655x2943,"89868 Cheyenne Burg Apt. 910, Phillipsborough, VI 41037",Savings,611,MI,2021-03-17
299d0ae8-8332-4a59-9d2d-62a5094df7a9,Denise Fowler,pchambers@example.org,+1-511-362-6289,"0589 Hill Islands Suite 452, West Karl, HI 98472",Checking,795,KS,2021-05-17
cc01b12d-2420-4db0-8ac5-700ebbb9ed1a,Dennis Porter,sheltonlori@example.org,225.898.7951x69125,"549 Betty Points Suite 182, North Robertview, NY 91716",Savings,590,MP,2021-07-01
420eee0a-813e-4369-89a8-310f8efc837c,Diana Jimenez,weaverlaurie@example.com,861.969.3841x934,"8476 Randolph Landing Apt. 803, Mathewsfurt, FM 64556",Business,774,VA,2022-08-11
d9a1935b-eb12-43a9-bb7f-52fb20647ca2,Penny Thompson,tammy54@example.net,001-912-355-4515x206,"70524 Michael Lights, Douglashaven, VI 32329",Savings,583,NH,2024-09-24
8d7a3b21-b7e6-47f7-b33b-5249422526df,Madeline Alvarez,ycooper@example.net,875.890.0837x66826,"08629 Freeman Station, East Sandra, ME 75895",Savings,732,SD,2021-12-16
b5df7d6e-7b14-4e13-a913-b02d99d68d12,Anthony Lopez,danny14@example.org,001-692-769-0563,"USCGC Simpson, FPO AE 40157",Savings,794,WY,2022-08-03
ea1c8971-8ac4-47e1-80ca-859ec73b02ae,Loretta Walker,garcialaura@example.net,527.641.1315x157,"32786 Singh Estate Apt. 675, Richardhaven, AS 80103",Business,692,CO,2021-08-30
14fce303-b360-43d2-bb40-1c5ac62b89f6,Thomas Ibarra,millerjason@example.com,(223)489-3576x0587,"3590 Karen Junctions Apt. 132, Lake Joshua, WI 71193",Savings,692,UT,2024-04-29
7919793d-773a-425e-a68b-8b334a52e8a4,Matthew Byrd,sabrinareyes@example.net,+1-276-942-2152x446,"954 Samuel Rest, Ponceside, NY 17617",Savings,803,OH,2022-10-25
4cd6813c-2756-44f6-b52f-3ec787489735,Daniel Mendoza,osborndaisy@example.com,(382)832-7987x931,"6762 Parrish Summit Suite 181, Thomasburgh, WY 68907",Savings,594,NH,2024-04-17
6b64aa54-e9cd-4d0a-875f-a78f1b2b3f1c,Elijah Cox,joshuadavis@example.org,866-594-5574,"USS Gray, FPO AP 79965",Savings,752,VT,2021-03-31
8bba824e-2a0d-45bd-a2ea-dfcd9abef8c1,Tony Lee,howardjay@example.org,217-824-5027,"121 Figueroa Greens Suite 179, North Holly, TX 90105",Business,787,SC,2022-11-14
41cf95c2-41f8-4043-86c3-bf389c3bf31c,Debbie Garcia,sloanjohn@example.org,5723446674,"304 Ernest Mills, Port Andrewstad, DC 74972",Business,664,OK,2022-11-03
b77ca11f-8eaf-4414-a7bd-5043f1b06fa3,Regina Baker,perezgregory@example.net,823-560-3395x52717,"375 Heather Spring Apt. 611, Traceymouth, IA 24986",Savings,645,MA,2024-04-25
cddb2ec9-f2ed-45a2-8736-b0d9bd752d15,Alyssa Alexander,lopezbradley@example.org,(449)709-4582,"8468 Amber Divide Suite 764, Colinville, GA 69417",Business,593,NE,2024-09-25
37c4ad0e-1764-4e35-aba9-5c7600688645,Kelsey Haynes,williamsmichael@example.net,805.524.5358,"0736 Brown Passage Suite 621, Brownview, NC 09861",Savings,593,MP,2021-08-02
dc9b3eb8-45f9-48cd-8331-21b2da9744b1,Cathy Holloway,wweeks@example.com,476-964-5564,"40116 Smith Squares Suite 198, Lake Nicole, SD 61318",Checking,799,NE,2022-11-30
2c2281da-98b7-4f6d-b2b2-77ad5525834b,Samantha Jones,dpaul@example.com,834-757-7396x38118,"5059 Zuniga Spring, Johnsfurt, SD 37094",Checking,816,AS,2022-03-22
95587354-786b-4f7e-bbc2-39c21adc6445,Patricia Mccormick,colemanbrian@example.org,(704)979-6966x2186,"Unit 6200 Box 6647, DPO AA 05394",Checking,605,TN,2024-02-09
57b1dbad-adfc-4356-bebe-2588b20b8570,Mike Bolton,paul49@example.net,(984)457-8632,"787 Hampton Dale Suite 851, Port Sydney, VA 17719",Savings,774,KS,2023-10-02
4bd7e756-4cd3-4474-91e3-4df68fb3cffd,Catherine Walker,jennifer93@example.net,686.393.7040x810,"995 John Keys, Port Matthew, WY 53793",Savings,688,IL,2024-10-10
22ca798c-0ecb-4432-8858-1b1089217348,Courtney Gutierrez,katiemontoya@example.com,823-504-7586,"687 Lewis Village, North Jerry, KY 33262",Savings,747,OK,2021-12-02
961f2a95-7d19-473c-9c9a-8455635eb25b,Sarah Young,tiffany91@example.com,+1-298-674-1782x5011,"33418 Sara Fort Suite 749, Port Jeff, NC 53833",Savings,774,WY,2023-07-12
aa5a1d2a-35fd-494e-b030-b6c5e13071a5,Joanna Delacruz,robin92@example.com,001-892-265-6860x0365,"760 Robin Locks, Port Rebeccamouth, SC 79896",Savings,795,CT,2021-12-03
9f3d0dc6-4df9-46a4-9fdc-f985644512f2,Timothy Mora,jeff00@example.net,001-879-654-3585x972,"7692 Mcbride Tunnel, Lake Jonathanport, TN 70919",Savings,621,CA,2024-05-17
02c73310-d72b-488f-a7fd-6cc0f20f805b,Cynthia Willis,jasonkane@example.com,(917)957-9764x948,"03608 Mathew Park, Leachfurt, HI 63747",Savings,589,FM,2025-02-03
85bcb0ab-905b-44b1-b4a2-f6dba7266c1e,Erik Kirk,josephgraham@example.net,001-958-653-1466,"783 Hill Views Apt. 028, Ericamouth, SC 60183",Business,606,MP,2021-06-22
325c9cf9-81dc-46bf-909e-7c390327c0df,Patricia Anderson,gregoryburgess@example.org,695-869-2762,"450 Jonathan Crossroad, Catherineborough, CT 63857",Savings,694,CA,2024-03-15
4445b722-a5b8-4aed-883c-806462cb9cc0,Derrick Martinez,rhondacooper@example.net,458-456-7881x7497,"588 Hall Circles Suite 256, Lake Jonathanshire, PR 87578",Business,615,WY,2024-06-07
4552ba83-1f24-4f29-b431-bd5ba5119957,Tina Quinn,michaelstrong@example.net,(598)828-6848x4188,"84484 Parsons Meadow, Sanderschester, NJ 08438",Business,600,MP,2021-12-03
0d758b69-4cfb-4524-86f2-e6b72966dc78,Elizabeth Manning,jessicalittle@example.net,267-631-1011,"86296 Scott Estates Suite 209, Port Brittanyberg, UT 75628",Checking,706,TX,2023-01-22
9d834615-e850-4391-a3ed-037d9ad56bed,Ryan Bird,bradleyrachel@example.com,(600)869-2889,"USNS Mckinney, FPO AP 40357",Checking,590,MP,2024-03-27
fbc8d63b-94d5-403c-8695-3c10e6e8b9b4,Ronald Liu,hernandezlori@example.org,(347)219-7290,"6536 David Underpass, New Robertburgh, VI 59838",Business,658,PW,2021-07-26
0694a548-6016-4289-91f6-511ba76f8e45,Angela Smith,omoss@example.org,867-274-6673x4473,"430 Becker Pine Suite 945, Wagnerchester, OK 55230",Checking,644,MA,2024-10-31
d91b6bf8-f978-4a36-898b-998ce78f681c,Brenda Harvey,ecarroll@example.net,388.717.8844,"52915 Joyce Forge, New Danielle, WI 20140",Savings,638,TX,2025-01-30
09d69108-2536-4086-a4ca-69bdb64d8516,Anthony Jackson,moorepatricia@example.org,697-262-1197,"925 Huynh Unions, South Stacey, MI 26922",Business,691,VA,2023-12-08
7228328d-1cae-4ee2-853a-09901bf5fd69,Jordan Dalton,cynthia61@example.net,250.469.9011x965,"153 Sandra Trail Apt. 412, Port Jacobfurt, NC 23879",Savings,711,FM,2022-04-19
55e6dbdb-7bee-4ac8-b2c9-038457bb8dc5,Kent Clark,xbaxter@example.net,(953)519-6446,"830 Caleb Junction, Lake Walter, KS 45767",Savings,665,DC,2023-06-15
b29dd1eb-0a71-42b2-9d81-4e9c25ea082c,Beverly Ruiz,georgethomas@example.com,389.466.7725,"502 George Overpass, Kimberlyfurt, HI 60935",Business,638,OR,2024-06-20
eb683de0-b372-4953-b189-ac4cd016fc02,Stephen Carpenter,jefferylewis@example.net,+1-804-585-9516,"9806 Garrett Mountains Suite 324, Phillipfort, ND 10241",Checking,739,HI,2021-10-13
c32e647d-c120-450a-b2e6-20638000291c,Christine Goodman,lori55@example.com,+1-931-450-2152x800,"4426 Eric Station Apt. 952, West Jakeport, OR 46227",Checking,593,NE,2022-03-16
be3f302c-a266-4286-ad58-f4e53886c4ec,Brenda Brown,hawkinstracy@example.com,001-330-440-7671x47086,"3380 Adams Views, Stevensmouth, OK 96495",Savings,772,HI,2022-02-06
4d032c21-73c7-4d47-b2ae-7cf2e38b015c,Jennifer Rodriguez,owensdestiny@example.net,407-637-3207,"PSC 4242, Box 8241, APO AE 98508",Savings,681,AS,2021-03-16
233db456-ede5-4189-9bc2-0a784116b221,David Armstrong,brendarussell@example.com,001-540-520-8487x9496,"64368 Bishop Mountains Apt. 016, Kevinview, NE 49192",Checking,704,LA,2021-11-18
14bb3db6-2eb1-4403-876c-d45a80920440,Barbara Reyes,alvarezjennifer@example.net,001-421-910-0966x4759,"USS Henderson, FPO AE 93748",Checking,734,PR,2023-02-28
5e1f1a56-cbc6-44d1-8555-87dfd94ac90c,Daniel Ford,lowenicole@example.com,647-469-3836,"8667 Kevin Skyway Apt. 546, Lake Jennifer, NC 20662",Business,641,AK,2023-03-05
3b6dc394-c798-4a0b-9807-37ad5b33acdc,Robert Mckay,gail11@example.net,234.560.2473x93350,"058 Michael Roads Apt. 588, East Jamiemouth, ME 78480",Business,601,IN,2025-02-20
a988656b-785a-4340-845f-2764953bcfe9,Kelly Hodges,dana76@example.com,(679)852-2243x01678,"3632 James Ramp, Zunigaville, MD 25166",Savings,799,OK,2022-05-03
9031b2f1-77e6-4fca-af11-aaed20d1b358,Christine Hoffman,joann73@example.com,439.483.3742x040,"76430 White Via Suite 917, Markhaven, DE 48950",Business,769,MI,2024-07-11
60e9f70a-eb91-4fad-a5ae-ee2d5539d470,Amy Burgess,uconrad@example.com,001-408-364-1690x388,"630 Justin Cliffs Suite 848, South Donna, VT 51914",Checking,839,WA,2022-03-30
46e486a1-f972-4753-be8c-cb6dc351ef3d,Danielle Sanders,karen72@example.org,(682)815-6261,"81819 Mark Street Suite 199, Michaelmouth, NV 58667",Business,754,MP,2024-07-11
53e855d4-e448-4f48-bd56-4c3f4333342d,Robert Johnson,leonkelly@example.com,+1-575-492-4801,"7114 Miller Parkways, Port Dillon, IN 27141",Checking,795,CT,2023-02-28
1c0a45cd-773a-4cdf-860c-a7619bf617b8,Tonya Robertson,andrew63@example.org,613-254-0028,"01019 Brittany Spring Suite 838, Novakville, NY 62947",Savings,634,SC,2022-03-04
6d40f665-2064-42cb-8a5e-139ad031b535,Danielle Edwards,salazarzachary@example.org,001-767-752-0166x40290,"6636 Stewart Burg Suite 358, Natashafurt, ME 30696",Savings,765,TX,2022-09-13
fbebe64f-773b-4feb-b9e3-ecb22ca9ae77,Travis Miller,fnorris@example.com,8802889932,"7858 Eduardo Villages Apt. 707, Allenshire, SC 26797",Business,815,MD,2024-06-14
575431e6-2b61-4f03-a584-a4d4d355cb44,Brent Zimmerman,chapmanmark@example.net,263.264.7808x6181,"45202 Sanders Ville Suite 520, Kingburgh, GA 69893",Business,658,OH,2021-03-25
e604d2e6-e610-4e26-8600-37092a57a74d,Deborah Allen,paullynch@example.org,545.524.7658,"805 Stephanie Well, North Henry, VI 71816",Savings,670,ND,2024-03-02
5759ff56-d357-4b28-a632-513d7f3342b5,Melissa Davis,chaneyvirginia@example.org,(208)865-7669,"PSC 6270, Box 4385, APO AP 60200",Business,847,NY,2022-01-17
e2f36296-0d0c-4a20-bbb1-a669a779664a,Nancy Campos,valerie40@example.com,001-633-428-6573x32152,"8998 Craig Landing, Wrightmouth, IA 08805",Business,718,NH,2021-10-09
2e413447-6610-4f31-a362-d838e60c1f68,Adrian Martinez,rfox@example.org,(669)401-0138x4082,"862 Horne Locks Apt. 400, West Tamaramouth, NE 38550",Business,827,SD,2023-04-30
801c8cd7-e60f-4080-b649-dbdff47d8ab4,Christopher Hall,sarahsalazar@example.net,+1-753-619-0254x90963,"584 Guzman Vista Apt. 103, East Dianaside, NE 28616",Savings,803,NV,2022-10-12
65123c0d-9bcd-4eb6-b2b1-368a7a9ddd76,Charles Collins,melissa61@example.org,2196500649,"4897 Tina Parkway Apt. 022, Whitemouth, DC 52821",Business,717,UT,2023-01-19
a3553481-589b-4050-b4c8-8d5796fedbef,Mary Richardson,ariasthomas@example.net,529-815-0609,"2846 Joan Burg Suite 974, Port Jennifer, NE 19270",Savings,705,IN,2024-10-24
d7d16901-447d-43d2-93b0-201bca4584fe,Jason Booth,triciadean@example.org,(943)689-7172,"569 Sean Island, Paynemouth, OK 39166",Checking,722,MP,2021-12-25
e39152a9-add3-41ee-8064-522ff03832ad,Lorraine Andrews,shannonnguyen@example.net,+1-706-636-3385x9213,"5444 Terrell Stravenue, East Melissaport, OK 81307",Savings,704,WV,2024-02-02
b7f1bf29-2036-462d-a3f3-206c50c10d64,Oscar Stevenson,bbrowning@example.org,431-500-8316x4576,"PSC 3772, Box 3205, APO AA 45973",Savings,774,MP,2024-10-12
83f1ecb6-c3b4-404f-a85b-8ff0fe3cd0dc,Frank Patton,williamsjonathan@example.org,+1-229-943-0828x2256,"8153 Clinton Skyway, Lake Juliaton, PW 84894",Savings,594,MP,2022-07-20
97071e93-c2f3-4905-8063-135593b8c3ea,Andrea Salazar,evanskathleen@example.com,693-980-3716,"1068 Jackson Drive, New Benjamin, DE 07552",Savings,746,NC,2023-08-13
50c45b0d-3a5f-4602-ab20-69bf066fba00,Thomas Ali,erica98@example.org,303.242.1305,"880 James Gardens, North Melissa, NH 43795",Checking,829,MI,2024-11-29
12ea3284-63ea-4a4f-9b61-e4d37d90117d,Michelle Lopez,brittanygonzalez@example.org,865.873.3279,"69222 Anderson Knolls, South Jeremyborough, MN 61173",Checking,761,OK,2022-02-12
7bf92bc8-fd3a-4990-90ed-cfbd00e64ca6,Melissa Bell,pparker@example.org,+1-264-661-3862,"Unit 1650 Box 3135, DPO AA 41453",Savings,754,ME,2024-12-26
7c750ccc-04c9-44a5-b264-4e5feac32adf,Mark Dudley,shanecollins@example.org,+1-962-707-6942x27273,"USNS Mitchell, FPO AP 01011",Savings,721,GA,2021-05-21
5c720b14-9729-4859-b058-d28b850cbde6,Cathy Sanchez,rharvey@example.net,+1-998-584-4598x726,"827 David Ports, New Lisa, NC 76862",Business,585,MA,2024-09-04
2deb4af5-8731-4bf2-b442-aa29fb6ebf9b,Joseph Baird,annetteanderson@example.com,311-490-2590,"247 Damon Prairie Suite 686, Deborahborough, MH 72038",Business,677,ME,2022-11-16
add22b09-40e9-4dc0-b66a-4bc3302378db,Sarah Buchanan,tsoto@example.com,727.928.2880,"007 Romero Islands Apt. 483, New Erinborough, MO 79493",Checking,703,ID,2024-01-24
42a912ab-9074-4f50-be94-616526239648,Dorothy Scott,tonyvelasquez@example.org,930.650.5915x160,"339 Martinez Ranch, Davismouth, HI 14228",Business,788,TN,2023-12-09
2d15f815-89ac-4c75-8c66-e7c81cc264e6,David Chung,knoxjames@example.net,001-982-992-7019x29614,"2102 Weber Corners Apt. 250, East Michaelport, ME 46796",Savings,703,SC,2021-09-11
38e4ab53-b4ea-47c9-801c-32e61f45ecda,Amber Mathis,uhorn@example.net,511.245.7312,"428 Ross Knoll Apt. 274, Waltonfort, MI 26066",Business,823,OR,2024-03-21
e3cec1fe-67d3-4b97-b74b-dd76aa6cf38b,Ryan White,amccann@example.net,528-306-9675x60294,"26255 Sharon Stravenue Suite 973, Salasburgh, OR 53190",Business,831,AK,2024-07-17
5d3bcb25-367e-4a96-8ae8-261701e70fb1,Dakota Bryant,kelly22@example.net,981.271.6976x235,"431 Matthew Estate, Port Janetburgh, CA 65136",Savings,588,NY,2023-05-30
56526b02-c25f-4fae-b4ba-617b9b5806cf,Timothy Daniels,andrewjones@example.com,271-774-1759,"19761 Powell Parkway, Rachelfurt, NH 06714",Checking,730,MT,2024-10-14
b96a1f37-a7ae-4cb7-9545-d5234d454865,Samantha Padilla,ksmith@example.com,2653270416,"0155 Chan Shoal Suite 685, Samanthamouth, MS 49013",Checking,787,IN,2024-09-11
cf86b7b7-23bb-45f3-932e-a913b311f8d7,William Duran,davisbrittney@example.com,217-496-5728x3137,"PSC 9178, Box 7827, APO AA 72965",Business,704,IL,2023-11-13
8d757786-0cc7-4941-8792-6310d68d6988,Robert Brown,dzhang@example.org,001-568-415-7565x69010,"904 Michael Lodge, Lake Richard, UT 86608",Savings,768,IL,2023-09-09
32b08cc2-2c54-47e2-b809-dfd12cdc7395,Donald Gardner,dana60@example.org,+1-605-989-8174,"18494 Smith Junction Suite 831, South Jessica, MS 47661",Savings,756,SC,2021-08-11
50db3bb2-a55e-49e0-92b1-00af90e5c071,Micheal King,peggycampbell@example.net,+1-693-364-3000x437,"15756 Taylor Spur, North Anthonymouth, NE 02096",Savings,749,MA,2023-12-23
e4148992-991d-4d14-ae78-0bab23eefc4f,Michael Lopez,ikidd@example.net,+1-487-610-6930,"5431 Walsh Camp, Anthonyside, MD 65987",Savings,812,MT,2021-09-20
0a85f34e-c26e-4a7f-9032-4eff34730014,Amy Malone,hilljennifer@example.com,(526)732-4683,"PSC 6617, Box 9394, APO AE 24713",Savings,736,OK,2022-07-26
c5acb898-4ba6-478b-844c-0f27b0d4fbfc,Michael Morgan,francessellers@example.org,(477)323-5975x239,"024 Jenkins Ports Apt. 175, Davidfurt, IL 43511",Savings,698,DC,2023-03-22
b9c6ea72-5298-409a-b36c-b1912dd06338,Tracey Wong,gregory37@example.org,001-461-277-1819x4438,"2622 King Prairie, South Christopher, PA 68706",Checking,678,NJ,2023-10-18
078812a2-1ea9-4c23-a0b0-1a2a28132e14,Juan Harrison,brycejones@example.org,001-722-793-0096x38781,"773 Mcneil Isle Apt. 395, Gillespiemouth, AK 93134",Savings,641,NC,2024-08-05
8b6f7798-43a0-435d-b6d4-ea7415c8a7b9,Melissa Parsons,jonesjoshua@example.com,(661)674-0818x41764,"2588 Bradley Forge, Craigburgh, OR 47005",Business,674,MP,2022-04-17
a6876bdb-6158-4147-95a8-bb3c55e26528,Steven Farmer,ruizcrystal@example.org,001-557-603-3967x323,"0612 Erica Mount, Port Amandahaven, KY 40982",Checking,690,ME,2025-01-31
42edda38-ebc6-49e4-b7dd-fde655d2f7c1,Lisa Smith,phillip19@example.com,581.279.9512x46627,"238 Anthony Creek, Campbellfurt, MD 85908",Business,827,MN,2023-02-04
eaf9cd9f-b4ae-427d-a59c-cc62c1159547,Dr. Amy Gordon MD,kelly91@example.org,(730)840-9879,"62092 Thomas Centers Suite 627, Williechester, MI 74295",Savings,848,OK,2024-05-24
5619b603-dd49-4229-a81d-093b88361fbb,Mr. Vincent Thomas DDS,imoran@example.org,(498)271-0164x3094,"981 Calderon Roads, East Kaitlyn, FL 63335",Business,724,AL,2024-03-15
a28a74c8-af24-41f5-96b4-67e471070daf,Gregory Simmons,isanchez@example.org,(332)711-6429x62472,"PSC 0812, Box 3596, APO AE 76032",Checking,679,OH,2022-12-18
ff2423d6-246a-4ef6-a3e0-dee09c81e2a6,Stephen Anderson,adrianablackburn@example.com,+1-782-961-6242,"4557 Jeremy Crescent, Brettstad, TN 42734",Savings,696,IL,2024-05-08
befd1a4f-dbce-4031-8675-c57010da63e8,Richard Stephens,matthewirwin@example.net,253-225-6100x012,"090 Parker Plaza Suite 778, Aaronmouth, HI 99712",Savings,671,VA,2021-03-10
fbfce105-be2c-4196-a56f-af031c5fdd34,Stephen Ellis,ppowers@example.com,218-673-6868x87653,"USNS Mejia, FPO AE 73936",Savings,587,NC,2024-05-10
3b928c4f-a7fe-4c62-a4ac-54ca4824631d,Kelli Daniels,michellehess@example.com,001-689-993-7342x5355,"4246 Harmon Street Apt. 381, New Janetmouth, TN 40829",Business,644,MT,2024-11-26
ff88a604-d37b-4b89-99e5-7b5e278c1e0f,Erin Estes,briansingleton@example.org,707.370.5875,"1436 Scott Isle Apt. 981, West Priscillaside, PW 75318",Savings,603,TN,2024-05-03
67ebb09f-acc5-4593-a33a-708f9da00045,Kayla Santiago,apierce@example.com,+1-675-386-0019,"1102 Hawkins Haven, East Shawn, MO 84578",Checking,729,KS,2025-01-15
72ed8c10-1de6-4c50-95f0-353958233e2c,Tami Jones,amy97@example.com,610.279.2462x1956,"211 Justin Fork, Clarkland, AL 76227",Business,644,OH,2021-04-07
408d2b32-6f22-404a-8656-b18485f62348,Patrick Watson,johnjohnson@example.com,688-532-9147,"833 Christine Causeway Suite 393, East Jonathanville, ND 30382",Business,831,ID,2024-10-04
392a3bc2-34b4-495c-bd64-6186013aaca4,Sharon Thomas,daviesjennifer@example.net,258.428.2480x9602,"1220 Valencia Divide, Martineztown, MO 50874",Checking,586,NV,2024-02-17
e1a65d00-f269-4fb4-b72a-0868d1ea2761,Kathleen Phillips,rhudson@example.org,524.796.1471x944,"54737 Christopher Village Suite 387, Jacksonburgh, MS 84661",Business,725,KY,2022-09-10
a7a791a4-6a97-4d6e-a962-49ee63d84324,Thomas Velasquez,sheena82@example.com,4327353433,"35250 Travis Circle Apt. 987, Mooreton, GA 35547",Savings,825,NE,2023-05-26
22ec71cd-ec3e-4932-b03a-423d07b5cfc0,Amber Gomez,andrewreynolds@example.net,208-882-8350x46131,"292 Taylor Oval Suite 525, Sandersberg, VI 01725",Savings,754,ME,2023-03-11
8326c5e4-b6a3-43f3-8e03-5cf964c77937,Laura Wood,tonyaaustin@example.net,2754363369,"01066 Brenda Club Suite 590, Longside, PW 33006",Checking,606,MP,2021-12-18
f049408a-6e51-4f2d-bef8-3cf54a4acc6b,Natalie Williamson,travisadams@example.com,230.952.2594x455,"709 Taylor Harbor Apt. 707, Port Richard, GU 29395",Savings,824,PA,2024-04-19
cf4ef6cb-af66-4b27-bc63-c2b7d2c611a8,Lawrence Stewart,mhoward@example.org,222-345-2167,"PSC 9344, Box 9782, APO AA 26959",Checking,613,MA,2023-12-10
c0f16e70-2af3-4f2a-a292-5cc0d567a86d,Wanda Marshall DDS,ejones@example.com,731.586.0278x43813,"213 Brooke Point, East Nicholas, TX 23243",Savings,831,AS,2021-06-12
712fe164-2aa3-4954-b49f-e4b01fe5b00a,Michael Walters,mariabrown@example.org,654.441.4168x44843,"7142 Timothy Point, North Theresa, NM 32083",Checking,607,AS,2024-10-18
ca88d96e-eb2a-43d1-b443-c25592867b0a,Daniel Reyes,fjackson@example.com,001-790-817-9013x8689,"740 Rachel Bridge Apt. 315, Greerstad, OK 50065",Checking,656,MH,2024-05-11
f02695d0-65fa-45b8-a21a-b4f9f87855b3,Joseph Lewis,jorge18@example.net,2035568617,"4795 Beverly Mall Apt. 787, Lake Rebecca, KY 12835",Business,735,AZ,2023-10-12
c2243309-36ac-48d4-9d62-ee5ded665cbe,Zoe Melton,masonjennifer@example.org,+1-606-577-2973x490,"86083 Franklin Mountain, South Stephaniefort, WI 68419",Checking,707,AL,2023-02-02
55812dae-faa3-476e-aab1-fcf077de533c,Kristy Young,brownhannah@example.net,857.545.8597x1041,"6763 Cervantes Ports, Howellfort, AZ 28663",Checking,793,UT,2021-09-25
a441e949-559b-477e-8668-7ef73d789703,William Sanchez,vickie88@example.com,001-610-930-7651x6422,"42028 Bryan Burgs, South Adam, NC 38785",Business,695,HI,2024-01-29
410ee872-bfbc-4598-9549-0afb0534233f,Tammy Stewart,donaldwilson@example.com,239.463.3292x870,"090 Jonathan Manors, South Jamesfurt, KS 83777",Business,774,AZ,2022-01-22
40636ac9-3937-4d09-ba7e-70e53bea0a26,Melissa Simpson,sloanrobert@example.net,512.691.0997,"6039 Jessica Mountain Suite 164, Mccoyland, NY 39173",Savings,806,MN,2022-03-05
d964f195-7d60-495a-96cd-80e905f60246,Alexis Reyes,eruiz@example.org,+1-999-969-0706,"49406 Smith Hollow, West Joseph, DE 28758",Savings,799,DC,2024-09-25
12f5a1f9-3a93-425b-8b3e-97f4a69b7fc4,Hannah Willis,emilyporter@example.org,657.889.9992,"4212 Kevin Crossing, South Ericamouth, OK 93461",Savings,610,MP,2023-11-21
19598cdd-6995-48a9-a3eb-49749c2a8e10,Emma Brown,brian65@example.net,(549)885-6353x0465,"63596 Hoffman Crest Apt. 304, Port Loriville, WV 52492",Business,630,NM,2021-06-27
3c295b94-45a4-4c08-8abe-91e96f9ad6f6,David Gonzalez,dbishop@example.org,631.778.2073x1952,"1034 Scott Pine Suite 629, Hessmouth, MS 24483",Checking,688,MN,2025-01-03
60bedc1c-fedb-499e-aa14-c5726fad63f3,Amanda Stewart,sydney48@example.net,(343)711-2397x90173,"127 Kelsey Pine, West Christinaberg, DE 08263",Savings,621,AZ,2025-02-09
11f70dce-e565-40b7-97ab-58a32914074c,Mr. Charles Powell PhD,derekobrien@example.net,725.695.4246x587,"782 Leroy Junctions Apt. 453, Angelaburgh, PW 91543",Checking,702,DC,2024-07-28
ebfabc07-6f8e-4e9e-8ae5-1c2415a329c7,Seth Washington,kathryn68@example.com,+1-568-502-4443,"972 Mark Fort, Annettemouth, AL 99509",Checking,618,MI,2022-03-10
7d18792b-ce8e-4afe-8d08-27b52f23c9b6,Gregg Fields,elliottjohn@example.net,855.735.8881,"7589 Golden Land Suite 940, Keithville, NV 78754",Checking,581,VI,2021-05-09
fcf153c8-1f4d-45cf-801a-559760a5d0e8,Christina Stuart,kpowell@example.com,443.722.8405,"43914 Sara Pine Apt. 957, New Michael, HI 23107",Savings,810,GU,2023-02-17
a8faf4f9-8671-411d-8ea2-7c90e4bbdc26,Crystal Marquez,jennifer11@example.com,855.423.1805x8131,"53762 Stephanie Pike, Lake Martinside, MN 92343",Business,820,OR,2023-02-14
16b14763-ef8f-42f0-a532-39f32843aa32,Tracy Wolf,leonardmichael@example.com,(416)489-0050,"Unit 7852 Box 0578, DPO AA 68159",Savings,596,KS,2023-10-13
e31158c9-1c0e-44bc-8292-fb0373309da5,David Harvey,monicagonzalez@example.org,741.218.3537x8188,"383 Madeline Isle, Jennychester, WI 84158",Checking,727,VT,2021-03-26
3ba66cbe-77d2-455b-b0d8-6b7e6627fa98,Christopher Lyons,bakerdeborah@example.net,4054412471,"7813 Wyatt Green, Jenkinsstad, CT 54058",Business,724,TN,2024-04-29
f38625b7-7e96-43ad-9f05-1586f9d07505,William Johnston,angelahensley@example.net,001-918-257-6896x3144,"1758 Leblanc Orchard, Duranside, RI 32766",Business,812,AS,2023-07-01
532566d9-c97c-40d5-a2c6-ff46488c3721,Theresa Castillo,christopherjimenez@example.com,7498900857,"894 Harris Dale, Josephfurt, OH 26278",Checking,699,ME,2021-03-01
939bd38b-6d27-45f5-a763-6a66d2ea56ef,Susan Lindsey,littleherbert@example.org,001-684-653-1192x8561,"356 Salazar Junctions, Elizabethmouth, IL 31090",Savings,681,SD,2022-07-19
62b1fbaa-cb66-43c7-a885-83d586f6f75d,Eric Johnson,martinezalyssa@example.com,473.614.5269x3036,"573 Thomas Mount, New Steven, PR 30544",Savings,638,MS,2021-09-11
f619d5fb-51bf-4d97-a4d3-f912657a8204,Joseph Harrison,tesparza@example.com,483.688.4542x917,"47701 Barnett Lane, Port Michaelaborough, SD 21445",Business,695,AZ,2023-06-26
f401e4a0-c3dd-46b7-8749-ad15abae87d3,Terri Smith,jessica84@example.org,293-786-5348,"32259 Fox Key Apt. 489, West Katrinaton, MD 01609",Business,656,OH,2023-02-10
5292b483-d42e-487b-ac9a-5c5676ee126b,Jaime Ferrell,laura14@example.net,001-272-969-5973,"1030 Nancy Curve Suite 358, South Donnahaven, MH 71215",Savings,652,MS,2022-06-12
b365c838-7948-443e-89a0-62c02e8f783a,Kelsey Holder,debra27@example.net,(548)709-8867,"77478 Toni Ports Suite 631, Lake Eric, AK 80805",Checking,610,OR,2023-06-09
b10024b5-00b7-4724-84f3-fcce08b066d5,Katie Santos DVM,mbrown@example.net,358-383-9847x75859,"PSC 8781, Box 1664, APO AP 97696",Checking,737,AS,2024-09-24
5b53c0d4-68e6-42cc-8b2e-147b5c18c63b,Gregory Hart,mooreanthony@example.net,(289)922-6496x652,"732 Allen Springs, Hallberg, CO 32697",Business,727,TX,2021-08-31
7dcd04f7-5dc9-42f0-ba18-74e5afbfdb72,Robert Dunn,bwilson@example.org,5588623389,"4535 Small Crossroad Apt. 082, Port Hollyport, MO 98591",Savings,643,MA,2023-10-29
65afb077-9618-42b8-8e47-ddf032352923,Cameron Jarvis,christopherharris@example.com,957.717.0541x679,"2532 Kimberly Canyon, Annetteside, RI 89110",Savings,735,MH,2023-08-31
da0e94a0-757f-44a6-88d0-a5aea53e8609,Joe Hoover,nsullivan@example.net,353.837.4723x63671,"61315 Amber Street, Parkerberg, SD 77527",Business,786,NJ,2024-08-25
598ac693-d102-4943-92b1-6d1a37d73b51,Robert Bennett,christopher00@example.net,657-733-8130x333,"3176 Rodgers Expressway, Lake Zachary, HI 85429",Savings,836,IA,2021-09-03
d186ddb4-111c-4006-8e4b-81b793eccc17,Kathryn Richardson,jenniferhoward@example.com,639.649.7287,"6465 Claire Pass Suite 638, North Annette, IN 74275",Business,832,MI,2022-08-20
d48307aa-e75b-4208-9dc6-b97eef1f3469,Jesse Nolan,megan48@example.org,877.926.3022,"570 Miller Track Apt. 569, West Kimberlyborough, KY 52062",Savings,621,MD,2022-08-09
45713bbb-1965-4599-b7bb-f955019847f0,Jose Boyle,cholt@example.org,540-274-7949,"55783 Hale Mountains, Lake Emilystad, MN 48499",Business,600,VT,2023-02-19
a93a16e5-380c-4db6-9cef-8694e9d6582e,Jessica Hunter,angel16@example.org,6257229889,"7186 Michelle Plain Suite 191, Paulville, KY 64580",Savings,745,OK,2024-05-12
32d0fb47-10fe-4f4f-9cd0-ae4101f209cc,George Garza,mking@example.com,571.360.1014,"07705 Calhoun Canyon Suite 648, Markport, IA 80547",Business,708,IA,2024-04-08
6304b9f1-e186-4bbb-be27-0e90014b8a0d,Melanie Ware,ericstevenson@example.org,897.201.5180,"70589 Brandy Village Suite 871, Karichester, WY 80311",Checking,626,ND,2024-05-14
465a8285-ff7a-475d-a41d-56bc999abe87,Devon Costa,matthew31@example.com,001-363-616-7064,"5489 Smith Cove Suite 813, West Ryantown, SD 13963",Checking,590,OK,2023-03-27
dd6378f8-d471-4e96-b7d8-de23a22b9e39,Claudia Wilkinson,ckrueger@example.org,895-911-9074x7443,"1305 Andrew Forest Suite 651, Ruizstad, OH 19278",Business,717,VT,2024-01-30
6c0682c3-b1e7-4283-b2af-38003a4ea0e6,Michael Russell,jonathan35@example.org,+1-832-942-8515x0868,"7436 Davis Views Suite 993, Lake Sheilatown, WY 47441",Business,600,AK,2024-05-10
28ea1c85-48d5-4a31-85b4-54fa9fe083de,Brian Vasquez,mark86@example.com,(806)640-1834x43998,"971 Bruce Crescent Suite 299, North Diane, IN 88781",Checking,820,VA,2021-07-02
a5ae1174-9440-4da2-b3d9-01084ef1098e,Billy Parker,frazierhannah@example.org,7625415380,"28175 Brown Point, New Deborah, TX 35983",Business,806,DC,2023-04-04
654464b1-e871-4fc1-bce4-ce38240e6378,Tami Allen,angela19@example.net,6093966768,"750 Johnson Freeway, Lake Philipport, PW 01142",Savings,672,MA,2024-11-27
92a31392-98e0-431e-bdcb-20cefea75a89,Kevin Young,ashley85@example.net,(808)237-7775,"052 Acosta Corner Suite 758, East Christine, NC 16829",Business,803,NJ,2022-08-01
5f766244-593d-438b-b6a1-44125126067f,Lisa Anderson,cmoore@example.org,+1-344-803-3606x444,"763 Owens Avenue, Port Brittany, MO 85649",Business,831,IA,2021-10-07
5fb045fe-5255-4491-8585-cf424dba446d,William Sawyer,kelly20@example.com,(681)994-1329,"255 Melissa Valley, Simmonsfurt, WV 90298",Checking,820,MN,2021-11-07
c1ed9e88-3784-492b-baa1-f469052ed2a1,Denise Johnson,paulchristopher@example.org,001-373-298-2831x2803,"6978 Anthony Ford, New Ryan, SD 97881",Savings,789,AL,2021-04-12
f43deda5-5293-4e35-9089-7d00c09831af,Olivia Lopez,heidigraham@example.org,868.891.0575,"0974 Benjamin Extension, New Lisa, MI 48884",Savings,744,SC,2023-03-08
d60f66ae-a136-4ec9-adb8-6c2bc29704d8,Natasha Young,iwatson@example.org,(332)736-9387,"80762 Mark Streets, Port Dustin, MN 43312",Business,633,DE,2022-08-25
326c70bd-7de7-42fc-a353-61a612a56d88,Jeremy Stevens,cbrown@example.com,504-559-8295x06831,"621 Russell Haven, Williamport, SC 21009",Checking,748,WY,2024-08-03
280e114e-2432-484a-b71b-f123bca83c66,Fernando Johnson,xmartin@example.org,3916784613,"6204 Lee Vista Suite 892, Schultzchester, KY 05297",Savings,833,TX,2023-11-11
9d8b373f-afba-4ff3-8624-b8f2ff93e5a8,Brian Middleton,jerry73@example.org,(296)391-4963,"22041 Browning Neck, Evansburgh, TN 56278",Savings,785,MN,2023-01-16
305ae61e-3347-483c-bac5-58ffedec32c5,Shelia Reid,amberwalker@example.com,9588548722,"1328 Debbie Lane Suite 479, Port Jeffreystad, AS 73177",Business,598,AK,2022-10-27
e36009e1-16de-4649-ad4e-62c90926541c,Steven Sanchez,nross@example.net,257-375-6058x49256,"51431 Bailey Views, Lake Seanshire, GU 68868",Savings,625,RI,2021-11-19
e6144042-7a3a-4a60-b45f-d3b619e36de9,Ruben Smith,olivia68@example.com,909-424-2601,"389 John Motorway Apt. 091, Villegasbury, IN 43789",Savings,709,IL,2023-07-30
71b7e473-0c9c-41f3-bc89-ec51e8c4a58e,John Thomas,rossjennifer@example.org,564.733.1216,"058 Taylor Islands, New Ryanshire, MH 96949",Savings,639,ME,2024-09-03
019d1ea0-3e5b-4dec-9d8b-934522a41663,Deanna Mercado,suttonkyle@example.org,(695)567-6959x468,"8405 Anna Divide Apt. 483, North Pamelamouth, VI 35806",Savings,843,MS,2021-03-23
0e3cec35-2c2b-4854-8494-29b547b71a7f,Jennifer Henson,josephfitzgerald@example.net,831-756-2691x65225,"33802 Anderson Village, New Lorimouth, IN 40452",Checking,816,ND,2022-05-30
345ca798-72d0-4b3a-9014-bdce5306fbdd,Allen Walters,alison47@example.net,+1-271-925-4689x2616,"6150 Donald Square Suite 700, Larryville, MT 76991",Savings,607,IL,2023-06-16
54e28c7a-b2ae-4295-888f-cee5f7471ecc,Mr. Trevor Jensen,miguelhull@example.net,791-707-1217x91027,"30469 Cruz Fields, Mannfort, OR 53998",Checking,845,NM,2024-12-02
7bee3009-313f-403c-8e45-57319d66c149,Zoe Williams,ldeleon@example.net,255.819.4086,"72917 Stephen Well Apt. 699, Michaelburgh, AZ 39244",Savings,835,ND,2021-03-21
14223a6c-52dc-4f3f-9467-4e3a362870a1,Nicole Wheeler,howardmichelle@example.com,(731)544-8950x7074,"968 Robin Gardens Apt. 205, West Daniel, VA 62909",Business,806,ME,2024-06-17
c9f3a56b-cf18-43d1-833f-484ab734614c,Abigail Perez,tcummings@example.net,(793)423-5419x61767,"Unit 4119 Box 5526, DPO AA 38258",Checking,684,NY,2024-11-11
31c9c484-d1fe-4298-8b87-eef0cbca3b17,James Odom,ryanrita@example.org,(462)990-7720x8229,"8964 Jacob Common Suite 725, North Sharon, NY 91680",Savings,647,MI,2024-12-04
c4631464-43cb-427a-add9-aecf41d499c0,Amy Bradshaw,daniel79@example.com,(826)215-8100,"1208 Beth Burg, Angelamouth, GU 27704",Savings,804,AR,2021-05-05
1417220d-c647-4b01-91f9-51d2e2c21223,George Salas,tarajones@example.net,799-491-5013x160,"Unit 8397 Box 0747, DPO AP 35195",Business,828,IN,2023-10-08
f2cbb548-c748-4fc1-801b-413c146c279f,Sandra Taylor,amber59@example.net,251.583.1617,"4973 Stevens Knolls Suite 602, West Misty, MA 15071",Checking,594,WY,2022-06-26
2ced95cd-75fc-4c7d-821a-393ecbe8afe5,Tracy Evans,rryan@example.com,787-749-0972x18953,"PSC 1006, Box 6544, APO AE 62481",Business,702,VT,2021-08-23
afdc2403-0447-44df-8150-7030bbd71a1e,Grant Lindsey,hornecharles@example.net,(680)976-4682x181,"6673 James Forest, Youngfort, AL 51762",Business,661,TX,2022-07-08
4b7ff734-173c-45c2-a9bb-667f8badd25c,Shawn Marquez,msmith@example.com,634-439-2691,"46349 Schaefer Path, Ronaldport, WV 49609",Savings,587,WY,2022-12-22
5eac3e95-c41a-482f-801f-2a527f86fd88,Rodney Miller,lsullivan@example.net,001-940-692-4535x5135,"1759 Wright Extension Suite 584, Brewerton, IN 25703",Business,788,MN,2021-11-21
0a403184-689d-493d-b265-2900f299519b,Jeremy Ramos,zachary84@example.org,938.975.3205x863,"840 Jackson Throughway Suite 751, Lisaland, WA 94872",Checking,695,CT,2023-10-25
dfc64e63-dd5f-4d4c-9457-ca28269172d9,Matthew Wood,martinezbreanna@example.org,6575430197,"550 Francis Roads, Lake Josephchester, ID 84033",Checking,816,VT,2024-03-24
b2778124-9ef9-4eac-840a-cb3431d568be,Thomas Davis,monica38@example.net,(407)232-1550x603,"995 James Ports Suite 897, Hernandezfort, MO 86781",Checking,658,AK,2021-04-02
dcb7f6e9-cf64-4007-babc-d5b88048a71c,Jo Vincent,michael18@example.com,334-273-9640x6247,"660 Adams Bypass, Lauraville, MD 10512",Savings,729,MP,2021-10-09
bb5ea5f8-9e0d-4805-9b5c-8e7164d929f4,Benjamin Soto,cartertiffany@example.com,001-202-722-4352x5514,"330 Michelle Mountain Suite 975, Lake Brenda, SD 66434",Business,719,PA,2024-02-15
6fc00e2f-8ed8-49c9-8603-c10c73e9c09b,Crystal Choi,kross@example.net,(407)359-2239x279,"631 Villarreal Drives Suite 065, Nelsonport, UT 95668",Savings,827,AZ,2024-04-09
f605f27e-b442-431a-893c-fac51810d17f,Maria Stevens,ddiaz@example.com,437.739.1639,"02223 Hayes Inlet Suite 277, Port Stephanie, DE 03497",Savings,704,NY,2022-07-31
db9e2075-417d-4c9d-a75d-8c003196c2df,Jack Murphy,qmahoney@example.org,+1-430-458-3520x25102,"USNV Joyce, FPO AP 69496",Savings,654,MN,2024-10-24
8bf00c46-3308-48c1-98eb-2661700d1d92,Reginald Fleming,dharrison@example.com,(758)674-4268,"35650 Frank Shoal Apt. 707, New Hannahbury, AZ 12854",Savings,677,MI,2023-03-08
bb9b07f4-4533-4f85-bdce-1c1a4378d6ae,Zachary Brown,elizabeth90@example.com,(380)905-4776x1331,"1930 Aguilar Ridge, Olsonbury, NH 55072",Business,840,AZ,2021-10-13
d41a9916-ebaa-40e7-8b3c-abb723ee794e,Robert Stone,roger53@example.com,(724)998-9763x551,"39560 Debra River, New Elizabethport, NH 31282",Business,649,DE,2023-02-03
612cd1dc-f89b-4599-8591-8a08224da22c,Christopher Thomas,stacey77@example.org,001-811-388-5406x785,"1832 Robinson Roads, Steeleton, WI 05748",Checking,721,MP,2022-12-01
26eb0cf8-4de0-490b-8b54-45b0cd35d6f8,John Church,cooperjessica@example.org,001-454-556-4410x69168,"64453 Jones Ridge, Heatherberg, SC 76680",Savings,754,AK,2022-12-21
650d2c8a-4f03-4802-82a2-f705f8a8ec19,Jonathan Davis,luiskramer@example.net,+1-486-956-1411,"Unit 5800 Box 2143, DPO AE 71206",Business,716,VI,2021-12-30
92b4e53a-089a-4c5d-b6f4-3cca851910e1,Nicole Fleming,josephwest@example.com,633.626.3108,"80742 Patrick Plains Apt. 743, Lake Joseph, WA 10887",Checking,724,DE,2023-03-25
